DNA_plate_well,DNA_plate,DNA_well,Cohort,collection_date,isolation_source,counts
plate_1_A1,plate_1,A1,Neomycin+D-Scour,2017-02-21,14194,4807
plate_1_A10,plate_1,A10,Control,2017-02-14,29631,29571318
plate_1_A11,plate_1,A11,Control,2017-02-28,29707,17738284
plate_1_A12,plate_1,A12,Neomycin+ColiGuard,2017-02-21,14297,16652662
plate_1_A2,plate_1,A2,Control,2017-02-28,14286,16623684
plate_1_A3,plate_1,A3,D-Scour,2017-02-21,29644,20492295
plate_1_A4,plate_1,A4,Control,2017-02-14,29898,27569705
plate_1_A5,plate_1,A5,Neomycin+ColiGuard,2017-02-21,29679,31975216
plate_1_A6,plate_1,A6,ColiGuard,2017-02-14,14284,18234198
plate_1_A7,plate_1,A7,D-Scour,2017-02-14,29792,20641280
plate_1_A8,plate_1,A8,Control,2017-02-28,29913,18326652
plate_1_A9,plate_1,A9,Neomycin+D-Scour,2017-02-21,14287,21337402
plate_1_B1,plate_1,B1,D-Scour,2017-02-21,14262,15535547
plate_1_B10,plate_1,B10,D-Scour,2017-02-14,29765,12605147
plate_1_B11,plate_1,B11,ColiGuard,2017-02-21,14307,18809861
plate_1_B12,plate_1,B12,Neomycin+ColiGuard,2017-02-14,29943,30607797
plate_1_B2,plate_1,B2,D-Scour,2017-02-21,29752,19934428
plate_1_B3,plate_1,B3,Neomycin,2017-02-21,29793,38638750
plate_1_B4,plate_1,B4,Neomycin+ColiGuard,2017-02-28,29679,20051755
plate_1_B5,plate_1,B5,D-Scour,2017-02-14,29644,18688583
plate_1_B6,plate_1,B6,NegativeControl,,NegativeControl,846381
plate_1_B7,plate_1,B7,Neomycin,2017-02-14,29633,16152883
plate_1_B8,plate_1,B8,Neomycin+ColiGuard,2017-02-14,14297,18021771
plate_1_B9,plate_1,B9,Neomycin+ColiGuard,2017-02-21,14195,22882514
plate_1_C1,plate_1,C1,Neomycin+ColiGuard,2017-02-28,14274,23935659
plate_1_C10,plate_1,C10,Control,2017-02-14,14286,31660711
plate_1_C11,plate_1,C11,ColiGuard,2017-02-28,14275,18796165
plate_1_C12,plate_1,C12,ColiGuard,2017-02-14,14183,37571988
plate_1_C2,plate_1,C2,Neomycin+D-Scour,2017-02-14,29703,17611718
plate_1_C3,plate_1,C3,Neomycin,2017-02-21,29653,22564430
plate_1_C4,plate_1,C4,Control,2017-02-21,14286,19586803
plate_1_C5,plate_1,C5,Neomycin+D-Scour,2017-02-21,29703,24998792
plate_1_C6,plate_1,C6,Neomycin+D-Scour,2017-02-14,29691,21213338
plate_1_C7,plate_1,C7,Neomycin,2017-02-21,14305,23585133
plate_1_C8,plate_1,C8,ColiGuard,2017-02-28,14183,37091117
plate_1_C9,plate_1,C9,Neomycin+D-Scour,2017-02-14,14194,16565213
plate_1_D1,plate_1,D1,Neomycin+D-Scour,2017-02-28,14194,17140550
plate_1_D10,plate_1,D10,Neomycin,2017-02-14,29743,24757955
plate_1_D11,plate_1,D11,Neomycin+D-Scour,2017-02-14,14174,24419916
plate_1_D12,plate_1,D12,Neomycin,2017-02-14,29653,16477068
plate_1_D2,plate_1,D2,Control,2017-02-14,29912,24120347
plate_1_D3,plate_1,D3,Neomycin,2017-02-28,29653,23408127
plate_1_D4,plate_1,D4,ColiGuard,2017-02-21,14183,36434537
plate_1_D5,plate_1,D5,Neomycin+ColiGuard,2017-02-14,29745,30465842
plate_1_D6,plate_1,D6,Neomycin,2017-02-14,14305,32217490
plate_1_D7,plate_1,D7,Neomycin+D-Scour,2017-02-14,14287,19921856
plate_1_D8,plate_1,D8,Control,2017-02-14,29962,36784294
plate_1_D9,plate_1,D9,Neomycin+ColiGuard,2017-02-14,29679,27566119
plate_1_E1,plate_1,E1,Neomycin+ColiGuard,2017-02-14,29900,57157805
plate_1_E10,plate_1,E10,Control,2017-02-21,29913,18991498
plate_1_E11,plate_1,E11,Control,2017-02-14,29913,31910219
plate_1_E12,plate_1,E12,D-Scour,2017-02-14,29778,17545823
plate_1_E2,plate_1,E2,Neomycin+ColiGuard,2017-02-14,14274,24045029
plate_1_E3,plate_1,E3,Control,2017-02-21,29962,50583317
plate_1_E4,plate_1,E4,Control,2017-02-28,29962,18070259
plate_1_E5,plate_1,E5,Neomycin+D-Scour,2017-02-14,14201,21011626
plate_1_E6,plate_1,E6,Neomycin,2017-02-21,29949,24512011
plate_1_E7,plate_1,E7,NegativeControl,,NegativeControl,61617
plate_1_E8,plate_1,E8,Neomycin,2017-02-28,29793,24961349
plate_1_E9,plate_1,E9,ColiGuard,2017-02-21,14275,15502503
plate_1_F1,plate_1,F1,Neomycin+D-Scour,2017-02-28,14287,22704538
plate_1_F10,plate_1,F10,ColiGuard,2017-02-28,14284,19940639
plate_1_F11,plate_1,F11,Control,2017-02-14,29939,22893386
plate_1_F12,plate_1,F12,D-Scour,2017-02-14,14172,37654248
plate_1_F2,plate_1,F2,D-Scour,2017-02-21,14205,23828290
plate_1_F3,plate_1,F3,ColiGuard,2017-02-14,14231,20146298
plate_1_F4,plate_1,F4,Neomycin+ColiGuard,2017-02-28,14297,17014697
plate_1_F5,plate_1,F5,Neomycin,2017-02-14,29949,17134293
plate_1_F6,plate_1,F6,Neomycin+D-Scour,2017-02-28,29703,20691382
plate_1_F7,plate_1,F7,Neomycin,2017-02-14,29797,18581889
plate_1_F8,plate_1,F8,MockCommunity,2017-08-14,MockCommunity,37093254
plate_1_F9,plate_1,F9,Neomycin,2017-02-14,29718,34502668
plate_1_G1,plate_1,G1,Control,2017-02-21,29707,52410535
plate_1_G10,plate_1,G10,ColiGuard,2017-02-14,29863,46713595
plate_1_G11,plate_1,G11,Neomycin+ColiGuard,2017-02-28,14195,29208219
plate_1_G12,plate_1,G12,Neomycin+ColiGuard,2017-02-21,14274,53313822
plate_1_G2,plate_1,G2,D-Scour,2017-02-28,14205,20089730
plate_1_G3,plate_1,G3,Neomycin,2017-02-28,14305,23076547
plate_1_G4,plate_1,G4,D-Scour,2017-02-14,14273,20409512
plate_1_G5,plate_1,G5,ColiGuard,2017-02-14,29901,30907525
plate_1_G6,plate_1,G6,ColiGuard,2017-02-28,14307,41066150
plate_1_G7,plate_1,G7,Neomycin,2017-02-28,29949,29100553
plate_1_G8,plate_1,G8,ColiGuard,2017-02-21,14284,17649031
plate_1_G9,plate_1,G9,D-Scour,2017-02-14,14205,46975334
plate_1_H1,plate_1,H1,Neomycin,2017-02-14,29793,24305626
plate_1_H10,plate_1,H10,Neomycin+D-Scour,2017-02-28,14295,44753719
plate_1_H11,plate_1,H11,D-Scour,2017-02-14,14233,40136823
plate_1_H12,plate_1,H12,D-Scour,2017-02-28,14262,39336702
plate_1_H2,plate_1,H2,D-Scour,2017-02-28,29765,21359590
plate_1_H3,plate_1,H3,ColiGuard,2017-02-14,14163,42164030
plate_1_H4,plate_1,H4,Neomycin+D-Scour,2017-02-14,14295,18918657
plate_1_H5,plate_1,H5,Control,2017-02-14,29707,22354931
plate_1_H6,plate_1,H6,Neomycin+ColiGuard,2017-02-14,29655,14571916
plate_1_H7,plate_1,H7,D-Scour,2017-02-21,29765,19157337
plate_1_H8,plate_1,H8,D-Scour,2017-02-28,29644,19980980
plate_1_H9,plate_1,H9,Neomycin+D-Scour,2017-02-21,14295,34406160
plate_10_A1,plate_10,A1,D-Scour,2017-03-08,29644,17893345
plate_10_A10,plate_10,A10,ColiGuard,2017-03-07,14284,17438117
plate_10_A2,plate_10,A2,Mothers,2017-01-30,408216,17477646
plate_10_A3,plate_10,A3,ColiGuard,2017-03-10,29924,12123748
plate_10_A4,plate_10,A4,Mothers,2017-01-30,315132,14547728
plate_10_A5,plate_10,A5,ColiGuard,2017-03-08,14183,21617403
plate_10_A6,plate_10,A6,Neomycin+ColiGuard,2017-03-07,29643,20749658
plate_10_A7,plate_10,A7,Neomycin,2017-03-10,29781,18778841
plate_10_A8,plate_10,A8,Mothers,2017-01-30,Y08843,10530375
plate_10_A9,plate_10,A9,Mothers,2017-01-30,32719,11813695
plate_10_B1,plate_10,B1,D-Scour,2017-03-09,14205,12961720
plate_10_B10,plate_10,B10,ColiGuard,2017-02-16,14162,12137669
plate_10_B2,plate_10,B2,Neomycin,2017-02-06,29946,20216824
plate_10_B3,plate_10,B3,Neomycin+D-Scour,2017-03-09,14295,17025508
plate_10_B4,plate_10,B4,Neomycin+ColiGuard,2017-02-17,29943,20435324
plate_10_B5,plate_10,B5,D-Scour,2017-02-16,29792,18232074
plate_10_B6,plate_10,B6,Mothers,2017-01-30,210747,15672103
plate_10_B7,plate_10,B7,Mothers,2017-01-30,P03694,15774025
plate_10_B8,plate_10,B8,Mothers,2017-01-30,B11439,16702964
plate_10_B9,plate_10,B9,Neomycin+ColiGuard,2017-03-07,14186,11825332
plate_10_C1,plate_10,C1,Mothers,2017-01-30,315286,16036038
plate_10_C10,plate_10,C10,Control,2017-03-07,14286,17363200
plate_10_C2,plate_10,C2,Neomycin,2017-03-09,14305,12139516
plate_10_C3,plate_10,C3,Control,2017-02-06,14182,14215390
plate_10_C4,plate_10,C4,Neomycin+D-Scour,2017-02-17,14201,19498062
plate_10_C5,plate_10,C5,Mothers,2017-01-30,R03999,22613864
plate_10_C6,plate_10,C6,Neomycin+D-Scour,2017-03-09,29961,14428883
plate_10_C7,plate_10,C7,Mothers,2017-01-30,32810,15824498
plate_10_C8,plate_10,C8,Neomycin+D-Scour,2017-03-08,29865,19684877
plate_10_C9,plate_10,C9,Mothers,2017-01-30,B12474,8156635
plate_10_D1,plate_10,D1,Neomycin+ColiGuard,2017-03-07,14261,13095544
plate_10_D10,plate_10,D10,NegativeControl,,NegativeControl,9546354
plate_10_D2,plate_10,D2,Neomycin+ColiGuard,2017-02-17,29745,17374071
plate_10_D3,plate_10,D3,Mothers,2017-01-30,315649,23401480
plate_10_D4,plate_10,D4,Control,2017-03-06,29666,19635308
plate_10_D5,plate_10,D5,Neomycin+ColiGuard,2017-03-10,14274,19987053
plate_10_D6,plate_10,D6,D-Scour,2017-03-08,14262,18583021
plate_10_D7,plate_10,D7,D-Scour,2017-03-06,29742,19996496
plate_10_D8,plate_10,D8,Mothers,2017-01-30,B11614,21647917
plate_10_D9,plate_10,D9,Mothers,2017-01-30,319096,12341536
plate_10_E1,plate_10,E1,Neomycin,2017-03-10,29653,48401793
plate_10_E10,plate_10,E10,Mothers,2017-01-30,40486,22162334
plate_10_E2,plate_10,E2,Mothers,2017-01-30,317019,18037603
plate_10_E3,plate_10,E3,Control,2017-02-06,14271,19653419
plate_10_E4,plate_10,E4,Mothers,2017-01-30,21272,11664320
plate_10_E5,plate_10,E5,Neomycin+D-Scour,2017-02-17,29754,22636972
plate_10_E6,plate_10,E6,Mothers,2017-01-30,910916,14097233
plate_10_E7,plate_10,E7,D-Scour,2017-02-16,29778,20264953
plate_10_E8,plate_10,E8,D-Scour,2017-03-06,14317,17623055
plate_10_E9,plate_10,E9,ColiGuard,2017-02-16,29692,16009846
plate_10_F1,plate_10,F1,D-Scour,2017-03-09,29875,16261543
plate_10_F10,plate_10,F10,Control,2017-03-09,14187,18536219
plate_10_F2,plate_10,F2,ColiGuard,2017-03-08,14306,17671701
plate_10_F3,plate_10,F3,ColiGuard,2017-03-07,14275,18725284
plate_10_F4,plate_10,F4,D-Scour,2017-03-06,29846,17472878
plate_10_F5,plate_10,F5,Mothers,2017-01-30,314531,12018752
plate_10_F6,plate_10,F6,Neomycin+ColiGuard,2017-02-17,29655,12822876
plate_10_F7,plate_10,F7,PosControl_ColiGuard,2018-01-24,ColiGuard,13943654
plate_10_F8,plate_10,F8,Control,2017-02-06,14277,18232416
plate_10_F9,plate_10,F9,Neomycin,2017-03-07,29753,28822753
plate_10_G1,plate_10,G1,D-Scour,2017-03-08,14276,24803783
plate_10_G10,plate_10,G10,ColiGuard,2017-02-16,14163,18068483
plate_10_G2,plate_10,G2,PosControl_D-Scour,2018-01-24,Protexin,13102305
plate_10_G3,plate_10,G3,Neomycin,2017-02-06,14192,28824174
plate_10_G4,plate_10,G4,Mothers,2017-01-30,32650,15469828
plate_10_G5,plate_10,G5,Neomycin,2017-02-06,29804,20846321
plate_10_G6,plate_10,G6,NegativeControl,,NegativeControl,16017298
plate_10_G7,plate_10,G7,Mothers,2017-01-30,315376,20953529
plate_10_G8,plate_10,G8,Neomycin,2017-03-09,14208,21570120
plate_10_G9,plate_10,G9,D-Scour,2017-03-06,29864,24094354
plate_10_H1,plate_10,H1,Control,2017-03-06,14184,19542013
plate_10_H10,plate_10,H10,D-Scour,2017-02-16,14172,20210099
plate_10_H2,plate_10,H2,Neomycin+D-Scour,2017-03-09,14194,16879649
plate_10_H3,plate_10,H3,Neomycin+ColiGuard,2017-03-08,29702,19486032
plate_10_H4,plate_10,H4,Neomycin+D-Scour,2017-02-17,14174,12456521
plate_10_H5,plate_10,H5,ColiGuard,2017-03-10,14188,18039474
plate_10_H6,plate_10,H6,Neomycin+D-Scour,2017-03-08,29951,12963036
plate_10_H7,plate_10,H7,Neomycin+ColiGuard,2017-03-10,29679,16941695
plate_10_H8,plate_10,H8,Control,2017-03-07,29665,15378564
plate_10_H9,plate_10,H9,D-Scour,2017-02-16,14172,19500397
plate_2_A1,plate_2,A1,ColiGuard,2017-02-28,14209,1795239
plate_2_A10,plate_2,A10,Neomycin,2017-02-14,29777,18718309
plate_2_A11,plate_2,A11,ColiGuard,2017-02-21,14288,18913719
plate_2_A12,plate_2,A12,ColiGuard,2017-02-21,29924,9723215
plate_2_A2,plate_2,A2,Neomycin+D-Scour,2017-02-14,14298,24939575
plate_2_A3,plate_2,A3,D-Scour,2017-02-21,14276,18636850
plate_2_A4,plate_2,A4,Neomycin+D-Scour,2017-02-14,29652,17737103
plate_2_A5,plate_2,A5,Neomycin,2017-02-14,14208,16159965
plate_2_A6,plate_2,A6,ColiGuard,2017-02-14,14306,24257885
plate_2_A7,plate_2,A7,Control,2017-02-14,29654,17198822
plate_2_A8,plate_2,A8,Control,2017-02-28,29666,14653638
plate_2_A9,plate_2,A9,Neomycin+D-Scour,2017-02-28,29961,14818230
plate_2_B1,plate_2,B1,ColiGuard,2017-02-14,29924,2013019
plate_2_B10,plate_2,B10,Neomycin,2017-02-14,29781,12168862
plate_2_B11,plate_2,B11,Neomycin+D-Scour,2017-02-21,29667,8008590
plate_2_B12,plate_2,B12,Neomycin,2017-02-21,14208,22008798
plate_2_B2,plate_2,B2,Control,2017-02-28,14187,19787137
plate_2_B3,plate_2,B3,Neomycin,2017-02-28,14208,23118316
plate_2_B4,plate_2,B4,Neomycin+D-Scour,2017-02-14,29865,22006635
plate_2_B5,plate_2,B5,NegativeControl,,NegativeControl,109594
plate_2_B6,plate_2,B6,Neomycin+ColiGuard,2017-02-14,29643,18608854
plate_2_B7,plate_2,B7,Control,2017-02-28,29665,13450454
plate_2_B8,plate_2,B8,D-Scour,2017-02-28,29875,17540982
plate_2_B9,plate_2,B9,Neomycin,2017-02-14,29796,11020266
plate_2_C1,plate_2,C1,ColiGuard,2017-02-14,29692,1531895
plate_2_C10,plate_2,C10,D-Scour,2017-02-21,29875,20156322
plate_2_C11,plate_2,C11,Neomycin+D-Scour,2017-02-14,29754,9041795
plate_2_C12,plate_2,C12,Neomycin+ColiGuard,2017-02-14,29646,15580739
plate_2_C2,plate_2,C2,Control,2017-02-21,29665,14550713
plate_2_C3,plate_2,C3,Neomycin,2017-02-14,29847,18568569
plate_2_C4,plate_2,C4,Neomycin+ColiGuard,2017-02-28,29646,22496417
plate_2_C5,plate_2,C5,ColiGuard,2017-02-14,29704,16468009
plate_2_C6,plate_2,C6,ColiGuard,2017-02-14,29700,12754478
plate_2_C7,plate_2,C7,Neomycin+ColiGuard,2017-02-14,14195,20805666
plate_2_C8,plate_2,C8,ColiGuard,2017-02-21,29700,17060080
plate_2_C9,plate_2,C9,MockCommunity,2017-08-14,MockCommunity,8652765
plate_2_E1,plate_2,E1,D-Scour,2017-02-28,29742,46068557
plate_2_E10,plate_2,E10,D-Scour,2017-02-14,29752,14371137
plate_2_E11,plate_2,E11,Neomycin+ColiGuard,2017-02-14,14186,12443003
plate_2_E12,plate_2,E12,D-Scour,2017-02-21,14317,18667242
plate_2_E2,plate_2,E2,D-Scour,2017-02-21,29742,21037409
plate_2_E3,plate_2,E3,Neomycin,2017-02-28,29668,18571810
plate_2_E4,plate_2,E4,ColiGuard,2017-02-28,14306,23477064
plate_2_E5,plate_2,E5,D-Scour,2017-02-14,14262,16937039
plate_2_E6,plate_2,E6,D-Scour,2017-02-21,29864,13208057
plate_2_E7,plate_2,E7,Neomycin+ColiGuard,2017-02-21,29715,24377168
plate_2_E8,plate_2,E8,Neomycin+ColiGuard,2017-02-14,29702,11876434
plate_2_E9,plate_2,E9,D-Scour,2017-02-14,29914,16446656
plate_2_F1,plate_2,F1,Control,2017-02-28,29948,23989674
plate_2_F10,plate_2,F10,Neomycin+D-Scour,2017-02-28,29931,16039674
plate_2_F11,plate_2,F11,Control,2017-02-21,29705,9070676
plate_2_F12,plate_2,F12,Neomycin,2017-02-14,29668,15657247
plate_2_F2,plate_2,F2,Neomycin,2017-02-14,29753,19673468
plate_2_F3,plate_2,F3,Control,2017-02-14,29948,17032844
plate_2_F4,plate_2,F4,NegativeControl,,NegativeControl,5295640
plate_2_F5,plate_2,F5,Neomycin+D-Scour,2017-02-21,29951,14366951
plate_2_F6,plate_2,F6,Neomycin+D-Scour,2017-02-14,29931,15706904
plate_2_F7,plate_2,F7,D-Scour,2017-02-14,29875,15126232
plate_2_F8,plate_2,F8,Neomycin,2017-02-28,29694,19604567
plate_2_F9,plate_2,F9,Neomycin+ColiGuard,2017-02-14,14261,16699830
plate_2_G1,plate_2,G1,ColiGuard,2017-02-14,14308,64926365
plate_2_G10,plate_2,G10,Neomycin+ColiGuard,2017-02-21,29646,20339004
plate_2_G11,plate_2,G11,Neomycin,2017-02-28,14265,15772798
plate_2_G12,plate_2,G12,Neomycin+ColiGuard,2017-02-28,14261,26240815
plate_2_G2,plate_2,G2,ColiGuard,2017-02-21,29704,16491995
plate_2_G3,plate_2,G3,D-Scour,2017-02-14,29864,20666772
plate_2_G4,plate_2,G4,ColiGuard,2017-02-14,14209,15940681
plate_2_G5,plate_2,G5,Neomycin+ColiGuard,2017-02-21,14261,16836012
plate_2_G6,plate_2,G6,Neomycin+D-Scour,2017-02-21,29865,15303404
plate_2_G7,plate_2,G7,D-Scour,2017-02-14,29742,23231275
plate_2_G8,plate_2,G8,Neomycin,2017-02-21,29847,15930988
plate_2_G9,plate_2,G9,Neomycin+D-Scour,2017-02-14,29667,20417881
plate_2_H1,plate_2,H1,D-Scour,2017-02-21,29846,20656226
plate_2_H2,plate_2,H2,Neomycin,2017-02-21,29781,19123715
plate_2_H3,plate_2,H3,Neomycin+D-Scour,2017-02-28,29865,17910464
plate_2_H4,plate_2,H4,D-Scour,2017-02-14,14276,29214901
plate_2_H5,plate_2,H5,Neomycin+ColiGuard,2017-02-21,29643,21251519
plate_2_H6,plate_2,H6,Neomycin,2017-02-21,29753,8289223
plate_2_H7,plate_2,H7,ColiGuard,2017-02-14,14275,4999465
plate_2_H8,plate_2,H8,Control,2017-02-14,14184,14474263
plate_3_A1,plate_3,A1,D-Scour,2017-02-14,14159,15258253
plate_3_A10,plate_3,A10,D-Scour,2017-02-07,29792,18758045
plate_3_A11,plate_3,A11,Neomycin,2017-02-21,29796,15878556
plate_3_A12,plate_3,A12,D-Scour,2017-02-03,29752,13585865
plate_3_A2,plate_3,A2,Neomycin+ColiGuard,2017-02-14,14260,13554976
plate_3_A3,plate_3,A3,ColiGuard,2017-02-14,14288,12281533
plate_3_A4,plate_3,A4,ColiGuard,2017-02-21,14306,18532392
plate_3_A5,plate_3,A5,Neomycin+D-Scour,2017-02-07,29951,17384364
plate_3_A6,plate_3,A6,Control,2017-03-03,29705,10229675
plate_3_A7,plate_3,A7,Control,2017-02-07,14187,13378071
plate_3_A8,plate_3,A8,D-Scour,2017-02-03,14276,14849445
plate_3_A9,plate_3,A9,Neomycin,2017-02-03,29847,10590136
plate_3_B1,plate_3,B1,D-Scour,2017-02-14,29846,14824271
plate_3_B10,plate_3,B10,ColiGuard,2017-02-07,14188,11032873
plate_3_B11,plate_3,B11,Neomycin+D-Scour,2017-02-24,29931,16193957
plate_3_B12,plate_3,B12,Neomycin+ColiGuard,2017-02-07,14297,14332014
plate_3_B2,plate_3,B2,D-Scour,2017-02-03,29846,16949122
plate_3_B3,plate_3,B3,Control,2017-02-14,14160,16628306
plate_3_B4,plate_3,B4,Control,2017-02-07,14160,24805100
plate_3_B5,plate_3,B5,Neomycin+ColiGuard,2017-03-03,29702,787801
plate_3_B6,plate_3,B6,Neomycin,2017-02-24,29847,14239362
plate_3_B7,plate_3,B7,D-Scour,2017-02-03,14317,11613037
plate_3_B8,plate_3,B8,Neomycin+D-Scour,2017-02-14,29951,16755981
plate_3_B9,plate_3,B9,ColiGuard,2017-02-21,14188,13217557
plate_3_C1,plate_3,C1,Neomycin+D-Scour,2017-02-14,14320,11627391
plate_3_C10,plate_3,C10,Neomycin,2017-02-07,29718,15912246
plate_3_C11,plate_3,C11,Neomycin+ColiGuard,2017-02-07,14261,16856373
plate_3_C12,plate_3,C12,NegativeControl,,NegativeControl,2313481
plate_3_C2,plate_3,C2,NegativeControl,,NegativeControl,40023
plate_3_C3,plate_3,C3,Neomycin,2017-02-07,14305,10647507
plate_3_C4,plate_3,C4,Control,2017-02-14,29705,20906108
plate_3_C5,plate_3,C5,Neomycin+ColiGuard,2017-02-07,29943,23805111
plate_3_C6,plate_3,C6,Neomycin+D-Scour,2017-02-03,29652,10871474
plate_3_C7,plate_3,C7,Control,2017-02-28,14322,15374249
plate_3_C8,plate_3,C8,Neomycin+D-Scour,2017-02-07,14193,20282144
plate_3_C9,plate_3,C9,Neomycin+ColiGuard,2017-02-21,14263,7749284
plate_3_D1,plate_3,D1,Control,2017-02-21,29666,13323041
plate_3_D10,plate_3,D10,Neomycin+ColiGuard,2017-02-24,29643,20784894
plate_3_D11,plate_3,D11,D-Scour,2017-02-14,14317,21200170
plate_3_D12,plate_3,D12,Neomycin,2017-02-24,14208,12116937
plate_3_D2,plate_3,D2,D-Scour,2017-03-03,29846,12088576
plate_3_D3,plate_3,D3,Neomycin+ColiGuard,2017-03-03,29646,17849485
plate_3_D4,plate_3,D4,ColiGuard,2017-03-03,29700,16049117
plate_3_D5,plate_3,D5,Neomycin,2017-03-03,29753,22186503
plate_3_D6,plate_3,D6,Control,2017-03-03,29666,14198262
plate_3_D7,plate_3,D7,Neomycin+D-Scour,2017-02-14,14193,14350943
plate_3_D8,plate_3,D8,Neomycin,2017-03-03,29796,21948240
plate_3_D9,plate_3,D9,Neomycin+ColiGuard,2017-02-28,29715,16725299
plate_3_E1,plate_3,E1,Neomycin+ColiGuard,2017-02-21,14186,24557927
plate_3_E10,plate_3,E10,ColiGuard,2017-02-24,14209,21921255
plate_3_E11,plate_3,E11,Neomycin+ColiGuard,2017-02-24,29646,19252489
plate_3_E12,plate_3,E12,D-Scour,2017-03-03,14276,15951985
plate_3_E2,plate_3,E2,Neomycin,2017-02-07,29777,17105236
plate_3_E3,plate_3,E3,Neomycin+ColiGuard,2017-02-24,14261,20839321
plate_3_E4,plate_3,E4,Neomycin+D-Scour,2017-02-07,29865,17139137
plate_3_E5,plate_3,E5,D-Scour,2017-02-07,29864,19211859
plate_3_E6,plate_3,E6,Neomycin+D-Scour,2017-03-03,29951,14153433
plate_3_E7,plate_3,E7,ColiGuard,2017-02-14,14307,12359732
plate_3_E8,plate_3,E8,Control,2017-02-21,29948,28155847
plate_3_E9,plate_3,E9,D-Scour,2017-02-24,29846,6676362
plate_3_F1,plate_3,F1,Neomycin,2017-02-07,29753,14184850
plate_3_F10,plate_3,F10,Neomycin+D-Scour,2017-02-24,29667,14378321
plate_3_F11,plate_3,F11,Neomycin+D-Scour,2017-02-03,29931,16133729
plate_3_F12,plate_3,F12,Neomycin,2017-02-07,14190,12921918
plate_3_F2,plate_3,F2,D-Scour,2017-02-07,29644,24280957
plate_3_F3,plate_3,F3,ColiGuard,2017-03-03,14306,15707522
plate_3_F4,plate_3,F4,PosControl_D-Scour,2018-01-24,Protexin,16665530
plate_3_F5,plate_3,F5,D-Scour,2017-02-03,29864,9905129
plate_3_F6,plate_3,F6,ColiGuard,2017-02-21,14308,13725485
plate_3_F7,plate_3,F7,Neomycin,2017-02-07,29668,13147907
plate_3_F8,plate_3,F8,Neomycin+D-Scour,2017-02-03,29934,15911698
plate_3_F9,plate_3,F9,Neomycin+D-Scour,2017-02-21,29931,18651208
plate_3_G1,plate_3,G1,Neomycin,2017-02-03,29796,36976841
plate_3_G10,plate_3,G10,Neomycin,2017-02-07,29797,22242303
plate_3_G11,plate_3,G11,ColiGuard,2017-02-07,14306,22556244
plate_3_G12,plate_3,G12,Neomycin+ColiGuard,2017-03-03,14263,17920805
plate_3_G2,plate_3,G2,Neomycin,2017-02-07,29847,11075846
plate_3_G3,plate_3,G3,ColiGuard,2017-02-24,14306,17268982
plate_3_G4,plate_3,G4,MockCommunity,2017-08-14,MockCommunity,16709842
plate_3_G5,plate_3,G5,Neomycin+D-Scour,2017-02-14,29961,19290452
plate_3_G6,plate_3,G6,Neomycin,2017-02-07,29796,18255053
plate_3_G7,plate_3,G7,Neomycin+D-Scour,2017-02-24,29951,19475449
plate_3_G8,plate_3,G8,D-Scour,2017-02-24,14276,20587476
plate_3_G9,plate_3,G9,Neomycin+ColiGuard,2017-02-07,29646,16669233
plate_3_H1,plate_3,H1,PosControl_ColiGuard,2018-01-24,ColiGuard,15675592
plate_3_H10,plate_3,H10,Neomycin+ColiGuard,2017-02-03,14261,19612397
plate_3_H11,plate_3,H11,Neomycin,2017-02-28,29847,25309409
plate_3_H12,plate_3,H12,D-Scour,2017-02-28,14317,16579334
plate_3_H2,plate_3,H2,Neomycin,2017-02-21,29694,18882057
plate_3_H3,plate_3,H3,Neomycin+ColiGuard,2017-02-07,29655,18492368
plate_3_H4,plate_3,H4,Neomycin+ColiGuard,2017-02-21,14260,20035426
plate_3_H5,plate_3,H5,Neomycin+D-Scour,2017-02-21,29934,22775759
plate_3_H6,plate_3,H6,ColiGuard,2017-02-28,14308,13923857
plate_3_H7,plate_3,H7,Neomycin+D-Scour,2017-02-28,29667,14181510
plate_3_H8,plate_3,H8,Neomycin+ColiGuard,2017-02-03,29715,13400917
plate_3_H9,plate_3,H9,Neomycin+ColiGuard,2017-02-28,29643,16970525
plate_4_A1,plate_4,A1,ColiGuard,2017-02-21,14209,16683880
plate_4_A10,plate_4,A10,D-Scour,2017-02-21,14159,19295336
plate_4_A11,plate_4,A11,Neomycin+D-Scour,2017-02-03,29865,16818506
plate_4_A12,plate_4,A12,Neomycin+D-Scour,2017-01-31,29667,15676788
plate_4_A2,plate_4,A2,Neomycin,2017-02-10,29796,12128104
plate_4_A3,plate_4,A3,Neomycin,2017-01-31,29781,8772133
plate_4_A4,plate_4,A4,Neomycin+ColiGuard,2017-02-10,14186,15928396
plate_4_A5,plate_4,A5,ColiGuard,2017-02-28,14188,21942399
plate_4_A6,plate_4,A6,Neomycin+ColiGuard,2017-01-31,14263,23292494
plate_4_A7,plate_4,A7,Neomycin+D-Scour,2017-02-07,14295,17161451
plate_4_A8,plate_4,A8,Neomycin+ColiGuard,2017-02-07,29643,18751700
plate_4_A9,plate_4,A9,ColiGuard,2017-02-10,14209,18257532
plate_4_B1,plate_4,B1,Neomycin+D-Scour,2017-01-31,29652,11866641
plate_4_B10,plate_4,B10,Neomycin,2017-02-28,29781,11009741
plate_4_B11,plate_4,B11,ColiGuard,2017-02-28,29704,13901217
plate_4_B12,plate_4,B12,Neomycin,2017-02-07,29694,18174818
plate_4_B2,plate_4,B2,D-Scour,2017-02-07,14159,19753598
plate_4_B3,plate_4,B3,NegativeControl,,NegativeControl,13116781
plate_4_B4,plate_4,B4,Neomycin,2017-02-07,29781,18487187
plate_4_B5,plate_4,B5,ColiGuard,2017-02-03,14306,18731463
plate_4_B6,plate_4,B6,ColiGuard,2017-02-24,14308,21325791
plate_4_B7,plate_4,B7,MockCommunity,2017-08-14,MockCommunity,12825444
plate_4_B8,plate_4,B8,Neomycin+D-Scour,2017-02-24,29961,19819137
plate_4_B9,plate_4,B9,Neomycin+D-Scour,2017-02-21,14320,11553062
plate_4_C1,plate_4,C1,D-Scour,2017-02-24,29875,18957967
plate_4_C10,plate_4,C10,Neomycin,2017-02-28,29796,19191515
plate_4_C11,plate_4,C11,Control,2017-02-28,29654,13189263
plate_4_C12,plate_4,C12,Control,2017-02-07,14161,14164064
plate_4_C2,plate_4,C2,Neomycin,2017-02-07,29793,15228672
plate_4_C3,plate_4,C3,Neomycin+D-Scour,2017-02-24,29652,12015597
plate_4_C4,plate_4,C4,Control,2017-02-10,29665,17503155
plate_4_C5,plate_4,C5,Neomycin+D-Scour,2017-02-10,29652,20714932
plate_4_C6,plate_4,C6,ColiGuard,2017-03-03,14188,21819385
plate_4_C7,plate_4,C7,Control,2017-03-03,29948,16772659
plate_4_C8,plate_4,C8,Control,2017-02-28,29705,19575095
plate_4_C9,plate_4,C9,D-Scour,2017-02-24,14159,6645446
plate_4_D1,plate_4,D1,PosControl_D-Scour,2018-01-24,Protexin,18527610
plate_4_D10,plate_4,D10,Neomycin,2017-02-24,29753,21808659
plate_4_D11,plate_4,D11,Neomycin,2017-02-21,29668,17437596
plate_4_D12,plate_4,D12,Neomycin,2017-01-31,29847,14759939
plate_4_D2,plate_4,D2,Control,2017-02-03,14322,18028122
plate_4_D3,plate_4,D3,PosControl_ColiGuard,2018-01-24,ColiGuard,13786500
plate_4_D4,plate_4,D4,Neomycin+D-Scour,2017-02-28,29951,16928199
plate_4_D5,plate_4,D5,Neomycin,2017-02-07,29949,25914054
plate_4_D6,plate_4,D6,ColiGuard,2017-03-03,29704,18016479
plate_4_D7,plate_4,D7,ColiGuard,2017-03-03,14288,17316803
plate_4_D8,plate_4,D8,Neomycin+ColiGuard,2017-02-21,29702,15493226
plate_4_D9,plate_4,D9,Neomycin+D-Scour,2017-02-10,29951,12256308
plate_4_E1,plate_4,E1,D-Scour,2017-02-07,29846,53430886
plate_4_E10,plate_4,E10,Neomycin,2017-01-31,29753,12404145
plate_4_E11,plate_4,E11,Neomycin,2017-01-31,14190,16698903
plate_4_E12,plate_4,E12,Neomycin+ColiGuard,2017-02-07,14186,15475494
plate_4_E2,plate_4,E2,Neomycin,2017-01-31,29797,15144880
plate_4_E3,plate_4,E3,Neomycin,2017-01-31,29743,16989053
plate_4_E4,plate_4,E4,Neomycin+ColiGuard,2017-02-07,29645,19782065
plate_4_E5,plate_4,E5,Neomycin+D-Scour,2017-03-03,29667,20193230
plate_4_E6,plate_4,E6,D-Scour,2017-02-28,29864,24096721
plate_4_E7,plate_4,E7,Neomycin,2017-02-03,14208,24954962
plate_4_E8,plate_4,E8,Neomycin+D-Scour,2017-02-28,29934,15277874
plate_4_E9,plate_4,E9,Neomycin+D-Scour,2017-02-10,29931,11577794
plate_4_F1,plate_4,F1,ColiGuard,2017-03-03,29924,15381426
plate_4_F10,plate_4,F10,ColiGuard,2017-02-03,29700,6189
plate_4_F11,plate_4,F11,ColiGuard,2017-02-24,14188,13897063
plate_4_F12,plate_4,F12,Neomycin+D-Scour,2017-02-07,14287,10748306
plate_4_F2,plate_4,F2,Control,2017-02-03,29654,17786809
plate_4_F3,plate_4,F3,Neomycin+D-Scour,2017-02-21,29652,18058707
plate_4_F4,plate_4,F4,NegativeControl,,NegativeControl,15130388
plate_4_F5,plate_4,F5,Neomycin+D-Scour,2017-02-07,14194,14279472
plate_4_F6,plate_4,F6,D-Scour,2017-03-03,29742,12748527
plate_4_F7,plate_4,F7,ColiGuard,2017-02-03,29704,13101426
plate_4_F8,plate_4,F8,Neomycin+D-Scour,2017-01-31,29934,19381592
plate_4_F9,plate_4,F9,D-Scour,2017-02-28,14276,12061544
plate_4_G1,plate_4,G1,ColiGuard,2017-02-07,14162,24663303
plate_4_G10,plate_4,G10,Neomycin+ColiGuard,2017-02-03,14186,21873534
plate_4_G11,plate_4,G11,Neomycin,2017-02-07,29653,17371988
plate_4_G12,plate_4,G12,Neomycin+ColiGuard,2017-02-07,29745,18984622
plate_4_G2,plate_4,G2,Neomycin+D-Scour,2017-01-31,14320,13077605
plate_4_G3,plate_4,G3,D-Scour,2017-02-10,29875,18947585
plate_4_G4,plate_4,G4,Neomycin,2017-03-03,29694,16150069
plate_4_G5,plate_4,G5,Control,2017-02-03,29705,17853141
plate_4_G6,plate_4,G6,ColiGuard,2017-02-07,14209,15205
plate_4_G7,plate_4,G7,Neomycin+ColiGuard,2017-02-24,29715,21357933
plate_4_G8,plate_4,G8,Control,2017-02-07,29666,21736393
plate_4_G9,plate_4,G9,D-Scour,2017-02-24,29752,23130752
plate_4_H1,plate_4,H1,Control,2017-03-03,29665,17732708
plate_4_H10,plate_4,H10,ColiGuard,2017-02-10,14308,23551531
plate_4_H11,plate_4,H11,Neomycin+D-Scour,2017-02-10,29961,15771050
plate_4_H12,plate_4,H12,D-Scour,2017-02-03,29875,21886083
plate_4_H2,plate_4,H2,Neomycin,2017-02-21,14265,17839193
plate_4_H3,plate_4,H3,D-Scour,2017-03-03,29875,15803770
plate_4_H4,plate_4,H4,Neomycin+D-Scour,2017-02-21,29961,23656932
plate_4_H5,plate_4,H5,Neomycin+D-Scour,2017-02-07,14194,25284886
plate_4_H6,plate_4,H6,Control,2017-02-21,29654,19437350
plate_4_H7,plate_4,H7,Control,2017-02-21,14184,18490169
plate_4_H8,plate_4,H8,Neomycin,2017-02-07,29633,16976339
plate_4_H9,plate_4,H9,Control,2017-02-24,29705,14954481
plate_5_A1,plate_5,A1,Neomycin,2017-03-03,29668,12692903
plate_5_A10,plate_5,A10,Neomycin+ColiGuard,2017-02-24,14263,11504340
plate_5_A11,plate_5,A11,Neomycin+ColiGuard,2017-01-31,29900,15806599
plate_5_A12,plate_5,A12,Neomycin+ColiGuard,2017-01-31,29702,10824332
plate_5_A2,plate_5,A2,Neomycin,2017-02-07,14265,165291797
plate_5_A3,plate_5,A3,Neomycin+D-Scour,2017-01-31,29961,9619087
plate_5_A4,plate_5,A4,NegativeControl,,NegativeControl,6248503
plate_5_A5,plate_5,A5,D-Scour,2017-01-31,14159,14525830
plate_5_A6,plate_5,A6,D-Scour,2017-02-03,14159,16121112
plate_5_A7,plate_5,A7,Neomycin+ColiGuard,2017-02-28,14186,15261471
plate_5_A8,plate_5,A8,Control,2017-02-14,29666,14566852
plate_5_A9,plate_5,A9,D-Scour,2017-02-10,14276,11746957
plate_5_B1,plate_5,B1,Neomycin+ColiGuard,2017-01-31,14186,14803562
plate_5_B10,plate_5,B10,Neomycin+ColiGuard,2017-01-31,14260,6067719
plate_5_B11,plate_5,B11,Neomycin+D-Scour,2017-02-07,29667,12934504
plate_5_B12,plate_5,B12,Neomycin+ColiGuard,2017-02-28,29702,9034559
plate_5_B2,plate_5,B2,MockCommunity,2017-08-14,MockCommunity,15770253
plate_5_B3,plate_5,B3,Neomycin,2017-03-03,29781,15019605
plate_5_B4,plate_5,B4,Neomycin,2017-02-24,29668,15983695
plate_5_B5,plate_5,B5,Neomycin,2017-01-31,29781,18029318
plate_5_B6,plate_5,B6,Neomycin,2017-02-10,29668,20735106
plate_5_B7,plate_5,B7,ColiGuard,2017-02-14,14162,13157777
plate_5_B8,plate_5,B8,Neomycin+ColiGuard,2017-03-03,29715,12404253
plate_5_B9,plate_5,B9,NegativeControl,,NegativeControl,3448217
plate_5_C1,plate_5,C1,Neomycin+D-Scour,2017-02-24,29865,8894449
plate_5_C10,plate_5,C10,Control,2017-01-31,14184,13267209
plate_5_C11,plate_5,C11,Neomycin+D-Scour,2017-02-03,29951,16560462
plate_5_C12,plate_5,C12,Neomycin,2017-02-24,14265,10602448
plate_5_C2,plate_5,C2,PosControl_ColiGuard,2018-01-24,ColiGuard,11301183
plate_5_C3,plate_5,C3,Neomycin+D-Scour,2017-01-31,29754,10940494
plate_5_C4,plate_5,C4,ColiGuard,2017-01-31,29692,16364097
plate_5_C5,plate_5,C5,Neomycin+D-Scour,2017-03-03,14320,16063113
plate_5_C6,plate_5,C6,ColiGuard,2017-02-10,14188,14984914
plate_5_C7,plate_5,C7,Control,2017-02-03,29665,12649695
plate_5_C8,plate_5,C8,Neomycin,2017-01-31,14208,14759445
plate_5_C9,plate_5,C9,Neomycin,2017-01-31,29847,6430755
plate_5_D1,plate_5,D1,Neomycin,2017-02-14,14265,14389800
plate_5_D10,plate_5,D10,D-Scour,2017-02-03,29742,15653516
plate_5_D11,plate_5,D11,D-Scour,2017-02-28,14159,12187897
plate_5_D12,plate_5,D12,D-Scour,2017-02-07,14205,9639057
plate_5_D2,plate_5,D2,D-Scour,2017-03-03,29752,16456657
plate_5_D3,plate_5,D3,Neomycin,2017-02-03,29753,19585818
plate_5_D4,plate_5,D4,Neomycin+D-Scour,2017-02-07,29691,16266130
plate_5_D5,plate_5,D5,Neomycin+ColiGuard,2017-01-31,14263,13603800
plate_5_D6,plate_5,D6,Neomycin,2017-01-31,29796,17583983
plate_5_D7,plate_5,D7,Neomycin+D-Scour,2017-03-03,29961,20253828
plate_5_D8,plate_5,D8,Neomycin+ColiGuard,2017-02-10,29702,18674608
plate_5_D9,plate_5,D9,D-Scour,2017-02-07,29914,12470597
plate_5_E1,plate_5,E1,Neomycin+D-Scour,2017-01-31,14295,25571204
plate_5_E10,plate_5,E10,D-Scour,2017-02-07,29742,13490698
plate_5_E11,plate_5,E11,Control,2017-02-21,14322,11454107
plate_5_E12,plate_5,E12,Neomycin,2017-02-10,29694,14102887
plate_5_E2,plate_5,E2,Neomycin,2017-02-03,14265,11681923
plate_5_E3,plate_5,E3,Neomycin+ColiGuard,2017-03-03,14261,14675379
plate_5_E4,plate_5,E4,Neomycin+D-Scour,2017-02-10,29865,17280746
plate_5_E5,plate_5,E5,Neomycin,2017-02-28,29753,19366747
plate_5_E6,plate_5,E6,ColiGuard,2017-02-03,14308,14761475
plate_5_E7,plate_5,E7,Control,2017-01-31,14271,15708949
plate_5_E8,plate_5,E8,Neomycin+D-Scour,2017-02-07,29652,18901387
plate_5_E9,plate_5,E9,ColiGuard,2017-02-07,14288,9537109
plate_5_F1,plate_5,F1,D-Scour,2017-02-10,14262,12202147
plate_5_F10,plate_5,F10,Neomycin,2017-02-03,29668,12832360
plate_5_F11,plate_5,F11,Neomycin,2017-02-14,29694,15435801
plate_5_F12,plate_5,F12,Neomycin+ColiGuard,2017-02-14,14263,8678995
plate_5_F2,plate_5,F2,D-Scour,2017-03-03,14159,14959443
plate_5_F3,plate_5,F3,D-Scour,2017-02-28,29846,12793317
plate_5_F4,plate_5,F4,Neomycin+ColiGuard,2017-01-31,14171,20486539
plate_5_F5,plate_5,F5,Control,2017-02-24,14322,14391481
plate_5_F6,plate_5,F6,Neomycin+ColiGuard,2017-02-07,14171,14824984
plate_5_F7,plate_5,F7,Neomycin+D-Scour,2017-01-31,14174,10073725
plate_5_F8,plate_5,F8,Neomycin+D-Scour,2017-01-31,14298,16062239
plate_5_F9,plate_5,F9,Control,2017-01-31,29631,20313043
plate_5_G1,plate_5,G1,D-Scour,2017-03-03,29864,26711752
plate_5_G10,plate_5,G10,Neomycin,2017-01-31,14192,16880614
plate_5_G11,plate_5,G11,Control,2017-02-24,29948,15333697
plate_5_G12,plate_5,G12,Neomycin,2017-02-01,14192,16170929
plate_5_G2,plate_5,G2,Control,2017-02-28,14184,12057575
plate_5_G3,plate_5,G3,Control,2017-02-24,29665,22345455
plate_5_G4,plate_5,G4,Neomycin,2017-02-24,29694,15132028
plate_5_G5,plate_5,G5,D-Scour,2017-02-07,29875,17276977
plate_5_G6,plate_5,G6,PosControl_D-Scour,2018-01-24,Protexin,15329431
plate_5_G7,plate_5,G7,Neomycin+D-Scour,2017-02-10,14320,14578008
plate_5_G8,plate_5,G8,ColiGuard,2017-02-10,14288,15731048
plate_5_G9,plate_5,G9,D-Scour,2017-01-31,14205,21788180
plate_5_H1,plate_5,H1,ColiGuard,2017-02-24,29700,12998711
plate_5_H10,plate_5,H10,ColiGuard,2017-02-03,14209,15187743
plate_5_H11,plate_5,H11,Neomycin,2017-02-10,14265,14621574
plate_5_H12,plate_5,H12,Neomycin+ColiGuard,2017-02-24,14260,14886024
plate_5_H2,plate_5,H2,Control,2017-02-14,14322,15197459
plate_5_H3,plate_5,H3,Neomycin,2017-01-31,14190,18157931
plate_5_H4,plate_5,H4,ColiGuard,2017-03-03,14209,21620207
plate_5_H5,plate_5,H5,Control,2017-01-31,14322,15714251
plate_5_H6,plate_5,H6,Neomycin,2017-01-31,14207,12034861
plate_5_H7,plate_5,H7,Control,2017-02-03,29666,17973169
plate_5_H8,plate_5,H8,ColiGuard,2017-02-28,29924,18742562
plate_5_H9,plate_5,H9,Neomycin,2017-02-10,29847,16642283
plate_6_A1,plate_6,A1,ColiGuard,2017-02-24,29704,15674357
plate_6_A10,plate_6,A10,Neomycin+ColiGuard,2017-02-14,14171,17360561
plate_6_A11,plate_6,A11,Control,2017-02-14,29665,13844617
plate_6_A12,plate_6,A12,Control,2017-02-03,14187,10266873
plate_6_A2,plate_6,A2,PosControl_ColiGuard,2018-01-24,ColiGuard,12243662
plate_6_A3,plate_6,A3,NegativeControl,,NegativeControl,1313589
plate_6_A4,plate_6,A4,D-Scour,2017-02-07,29778,18512672
plate_6_A5,plate_6,A5,ColiGuard,2017-02-07,29901,15125461
plate_6_A6,plate_6,A6,ColiGuard,2017-01-31,14284,26268593
plate_6_A7,plate_6,A7,Neomycin,2017-02-10,14208,11830
plate_6_A8,plate_6,A8,Control,2017-02-03,29948,17559459
plate_6_A9,plate_6,A9,Neomycin,2017-03-03,29847,22268865
plate_6_B1,plate_6,B1,Neomycin,2017-01-31,29694,13247895
plate_6_B10,plate_6,B10,D-Scour,2017-02-10,29742,8773715
plate_6_B11,plate_6,B11,Neomycin+ColiGuard,2017-02-24,29702,14762142
plate_6_B12,plate_6,B12,Neomycin,2017-02-10,29753,13823973
plate_6_B2,plate_6,B2,ColiGuard,2017-02-28,29700,9745718
plate_6_B3,plate_6,B3,Control,2017-02-07,29631,9229826
plate_6_B4,plate_6,B4,Neomycin,2017-01-31,29797,13260857
plate_6_B5,plate_6,B5,Neomycin,2017-01-31,29653,13623942
plate_6_B6,plate_6,B6,Neomycin+ColiGuard,2017-01-31,14297,15008734
plate_6_B7,plate_6,B7,D-Scour,2017-03-03,14317,13554732
plate_6_B8,plate_6,B8,Control,2017-02-24,29666,19604530
plate_6_B9,plate_6,B9,Control,2017-02-21,14187,19170862
plate_6_C1,plate_6,C1,D-Scour,2017-02-07,29752,12771118
plate_6_C10,plate_6,C10,Neomycin+D-Scour,2017-02-10,29667,16207502
plate_6_C11,plate_6,C11,Neomycin+ColiGuard,2017-02-07,14195,12321249
plate_6_C12,plate_6,C12,Neomycin+D-Scour,2017-02-03,29667,9336914
plate_6_C2,plate_6,C2,Neomycin,2017-02-07,14208,13423386
plate_6_C3,plate_6,C3,Neomycin+ColiGuard,2017-02-14,29715,13039779
plate_6_C4,plate_6,C4,Neomycin+D-Scour,2017-03-03,29652,16991151
plate_6_C5,plate_6,C5,D-Scour,2017-02-24,29864,19877019
plate_6_C6,plate_6,C6,ColiGuard,2017-02-03,14288,12364395
plate_6_C7,plate_6,C7,Neomycin,2017-02-14,14190,19157027
plate_6_C8,plate_6,C8,Neomycin+D-Scour,2017-01-31,29865,23882122
plate_6_C9,plate_6,C9,Control,2017-02-14,14161,8993636
plate_6_D1,plate_6,D1,Neomycin+D-Scour,2017-02-07,14201,10868587
plate_6_D10,plate_6,D10,Neomycin+D-Scour,2017-02-01,14287,15254896
plate_6_D11,plate_6,D11,Neomycin+ColiGuard,2017-03-03,14186,17404216
plate_6_D12,plate_6,D12,Neomycin,2017-01-31,29777,8320269
plate_6_D2,plate_6,D2,Neomycin,2017-02-03,29694,13385230
plate_6_D3,plate_6,D3,Neomycin+ColiGuard,2017-02-10,14263,15746049
plate_6_D4,plate_6,D4,PosControl_D-Scour,2018-01-24,Protexin,20110503
plate_6_D5,plate_6,D5,ColiGuard,2017-02-24,14288,13339659
plate_6_D6,plate_6,D6,Neomycin+D-Scour,2017-01-31,29931,13946016
plate_6_D7,plate_6,D7,Neomycin+D-Scour,2017-02-07,14298,18843055
plate_6_D8,plate_6,D8,ColiGuard,2017-02-03,14188,27531393
plate_6_D9,plate_6,D9,Neomycin+ColiGuard,2017-02-03,29646,22250888
plate_6_E1,plate_6,E1,Neomycin+D-Scour,2017-02-03,29961,51638813
plate_6_E10,plate_6,E10,Neomycin+D-Scour,2017-02-24,29934,17386729
plate_6_E11,plate_6,E11,Neomycin+ColiGuard,2017-02-10,29646,19895733
plate_6_E12,plate_6,E12,Neomycin+ColiGuard,2017-02-10,29715,7451510
plate_6_E2,plate_6,E2,MockCommunity,2017-08-14,MockCommunity,10828298
plate_6_E3,plate_6,E3,Neomycin+D-Scour,2017-02-28,29652,12602423
plate_6_E4,plate_6,E4,Neomycin+ColiGuard,2017-02-10,14261,15295257
plate_6_E5,plate_6,E5,Neomycin+D-Scour,2017-01-31,29652,13910377
plate_6_E6,plate_6,E6,ColiGuard,2017-02-28,14288,19665968
plate_6_E7,plate_6,E7,Neomycin,2017-01-31,29949,14360703
plate_6_E8,plate_6,E8,Neomycin,2017-01-31,29793,26682582
plate_6_E9,plate_6,E9,Neomycin+ColiGuard,2017-02-14,29645,20073630
plate_6_F1,plate_6,F1,Control,2017-02-24,29654,9719948
plate_6_F11,plate_6,F11,Control,2017-02-24,14184,16383364
plate_6_F12,plate_6,F12,Neomycin,2017-02-10,29781,10062243
plate_6_F2,plate_6,F2,Neomycin+ColiGuard,2017-01-31,29645,12103852
plate_6_F3,plate_6,F3,Control,2017-02-14,14187,17733686
plate_6_F4,plate_6,F4,D-Scour,2017-02-07,14276,14139419
plate_6_F5,plate_6,F5,Control,2017-02-24,14187,16094324
plate_6_F6,plate_6,F6,Neomycin+D-Scour,2017-02-03,14320,16665975
plate_6_F7,plate_6,F7,Neomycin,2017-03-03,14208,12392814
plate_6_F8,plate_6,F8,Neomycin+ColiGuard,2017-03-03,29643,17282263
plate_6_F9,plate_6,F9,D-Scour,2017-02-07,29765,25361654
plate_6_G1,plate_6,G1,ColiGuard,2017-03-03,14308,16799194
plate_6_G10,plate_6,G10,Neomycin+ColiGuard,2017-03-03,14260,18558013
plate_6_G11,plate_6,G11,Neomycin+ColiGuard,2017-02-28,14260,18570729
plate_6_G12,plate_6,G12,Neomycin,2017-02-24,29781,12482252
plate_6_G2,plate_6,G2,D-Scour,2017-02-07,14317,10621448
plate_6_G3,plate_6,G3,Neomycin+ColiGuard,2017-02-10,14260,16331656
plate_6_G4,plate_6,G4,D-Scour,2017-02-28,29752,15081051
plate_6_G5,plate_6,G5,Control,2017-02-03,14184,18145173
plate_6_G6,plate_6,G6,Neomycin+ColiGuard,2017-02-28,14263,14794643
plate_6_G7,plate_6,G7,ColiGuard,2017-02-10,29924,18058082
plate_6_G8,plate_6,G8,Neomycin,2017-02-03,29781,11781692
plate_6_G9,plate_6,G9,Neomycin+ColiGuard,2017-02-10,29643,21599298
plate_6_H1,plate_6,H1,Neomycin,2017-02-24,29796,12598320
plate_6_H10,plate_6,H10,Neomycin,2017-02-07,29743,17507182
plate_6_H11,plate_6,H11,Neomycin+D-Scour,2017-03-03,29865,15339615
plate_6_H12,plate_6,H12,ColiGuard,2017-02-03,29924,12478135
plate_6_H2,plate_6,H2,Control,2017-03-03,29654,11315177
plate_6_H3,plate_6,H3,Neomycin+ColiGuard,2017-02-24,14186,18970384
plate_6_H4,plate_6,H4,Neomycin+D-Scour,2017-02-28,14320,17794136
plate_6_H5,plate_6,H5,Neomycin+D-Scour,2017-03-03,29931,16099086
plate_6_H6,plate_6,H6,ColiGuard,2017-02-14,14188,14618873
plate_6_H7,plate_6,H7,Neomycin,2017-03-03,14265,13727850
plate_6_H8,plate_6,H8,Neomycin+D-Scour,2017-01-31,29703,31449095
plate_6_H9,plate_6,H9,Neomycin+D-Scour,2017-02-14,29934,24068415
plate_7_A1,plate_7,A1,D-Scour,2017-02-08,29875,10538708
plate_7_A10,plate_7,A10,Control,2017-03-03,14184,14519653
plate_7_A11,plate_7,A11,Control,2017-01-31,14160,14579584
plate_7_A12,plate_7,A12,D-Scour,2017-01-31,29864,10681837
plate_7_A2,plate_7,A2,Neomycin+ColiGuard,2017-02-07,29900,10684641
plate_7_A3,plate_7,A3,Neomycin+D-Scour,2017-01-31,14298,10846047
plate_7_A4,plate_7,A4,Neomycin,2017-01-31,29668,14274544
plate_7_A5,plate_7,A5,NegativeControl,,NegativeControl,773849
plate_7_A6,plate_7,A6,Control,2017-02-07,29913,14706073
plate_7_A7,plate_7,A7,Neomycin+D-Scour,2017-02-07,29754,12497321
plate_7_A8,plate_7,A8,Neomycin+ColiGuard,2017-02-07,29715,14643638
plate_7_A9,plate_7,A9,PosControl_D-Scour,2018-01-24,Protexin,14922283
plate_7_B1,plate_7,B1,Control,2017-02-07,14322,13354774
plate_7_B10,plate_7,B10,Control,2017-01-31,29764,8265236
plate_7_B11,plate_7,B11,Neomycin+D-Scour,2017-02-07,14174,15739695
plate_7_B12,plate_7,B12,ColiGuard,2017-02-07,29924,15247836
plate_7_B2,plate_7,B2,ColiGuard,2017-02-01,14162,14952315
plate_7_B3,plate_7,B3,ColiGuard,2017-01-31,14231,16562706
plate_7_B4,plate_7,B4,ColiGuard,2017-02-07,14307,16776667
plate_7_B5,plate_7,B5,Neomycin+D-Scour,2017-01-31,14193,15757192
plate_7_B6,plate_7,B6,ColiGuard,2017-01-31,29924,19266396
plate_7_B7,plate_7,B7,PosControl_ColiGuard,2018-01-24,ColiGuard,9649980
plate_7_B8,plate_7,B8,Neomycin+D-Scour,2017-01-31,29754,16298627
plate_7_B9,plate_7,B9,Control,2017-02-07,29912,13453724
plate_7_C1,plate_7,C1,ColiGuard,2017-02-07,29863,16344283
plate_7_C10,plate_7,C10,ColiGuard,2017-01-31,14188,16720217
plate_7_C11,plate_7,C11,Control,2017-03-03,14187,15875262
plate_7_C12,plate_7,C12,Control,2017-01-31,29707,10010804
plate_7_C2,plate_7,C2,ColiGuard,2017-02-07,14231,10179169
plate_7_C3,plate_7,C3,Control,2017-02-10,29705,13448075
plate_7_C4,plate_7,C4,Neomycin,2017-01-31,14192,13074741
plate_7_C5,plate_7,C5,D-Scour,2017-01-31,14317,7461546
plate_7_C6,plate_7,C6,NegativeControl,,NegativeControl,11798826
plate_7_C7,plate_7,C7,ColiGuard,2017-02-07,29704,14221332
plate_7_C8,plate_7,C8,ColiGuard,2017-02-01,14162,21400309
plate_7_C9,plate_7,C9,Neomycin+D-Scour,2017-01-31,14194,8334423
plate_7_D1,plate_7,D1,Neomycin,2017-01-31,14305,11845552
plate_7_D10,plate_7,D10,D-Scour,2017-02-01,14262,16290983
plate_7_D11,plate_7,D11,Neomycin,2017-01-31,29804,19419118
plate_7_D12,plate_7,D12,Neomycin,2017-01-31,29693,8568359
plate_7_D2,plate_7,D2,ColiGuard,2017-01-31,14163,15952148
plate_7_D3,plate_7,D3,Neomycin,2017-01-31,29653,20062410
plate_7_D4,plate_7,D4,Neomycin+D-Scour,2017-02-07,29703,12751239
plate_7_D5,plate_7,D5,MockCommunity,2017-08-14,MockCommunity,16963323
plate_7_D6,plate_7,D6,Neomycin,2017-01-31,29668,11298515
plate_7_D7,plate_7,D7,Control,2017-02-07,29654,13660345
plate_7_D8,plate_7,D8,ColiGuard,2017-01-31,14288,18977861
plate_7_D9,plate_7,D9,Neomycin,2017-01-31,14265,109239913
plate_7_E1,plate_7,E1,ColiGuard,2017-01-31,14307,7671574
plate_7_E10,plate_7,E10,D-Scour,2017-02-10,29864,15176454
plate_7_E11,plate_7,E11,Control,2017-01-31,14315,14729170
plate_7_E12,plate_7,E12,Neomycin+ColiGuard,2017-01-31,14261,13069032
plate_7_E2,plate_7,E2,ColiGuard,2017-01-31,14308,15552883
plate_7_E3,plate_7,E3,Control,2017-01-31,29654,9665557
plate_7_E4,plate_7,E4,D-Scour,2017-02-10,29846,13118429
plate_7_E5,plate_7,E5,Control,2017-02-07,29962,16347719
plate_7_E6,plate_7,E6,Neomycin+ColiGuard,2017-02-03,29643,13595366
plate_7_E7,plate_7,E7,Neomycin+D-Scour,2017-02-07,29961,19041356
plate_7_E8,plate_7,E8,Neomycin+ColiGuard,2017-01-31,29646,21331208
plate_7_E9,plate_7,E9,ColiGuard,2017-02-08,29924,18430285
plate_7_F1,plate_7,F1,Neomycin+ColiGuard,2017-01-31,14195,13252018
plate_7_F10,plate_7,F10,D-Scour,2017-02-07,14233,13765266
plate_7_F11,plate_7,F11,Neomycin+D-Scour,2017-01-31,29934,14380740
plate_7_F12,plate_7,F12,Neomycin,2017-01-31,29743,13825983
plate_7_F2,plate_7,F2,D-Scour,2017-01-31,29846,14332071
plate_7_F3,plate_7,F3,D-Scour,2017-01-31,29644,13312339
plate_7_F4,plate_7,F4,ColiGuard,2017-01-31,14183,11434750
plate_7_F5,plate_7,F5,Control,2017-02-07,29707,11991929
plate_7_F6,plate_7,F6,Control,2017-01-31,14169,20892493
plate_7_F7,plate_7,F7,D-Scour,2017-01-31,29914,8265384
plate_7_F8,plate_7,F8,Neomycin+D-Scour,2017-01-31,14201,19051039
plate_7_F9,plate_7,F9,Control,2017-01-31,29939,13137622
plate_7_G1,plate_7,G1,Control,2017-01-31,14187,12986233
plate_7_G10,plate_7,G10,Control,2017-02-10,14184,17406892
plate_7_G11,plate_7,G11,D-Scour,2017-02-07,14273,19995243
plate_7_G12,plate_7,G12,Neomycin,2017-01-31,29633,14786810
plate_7_G2,plate_7,G2,Neomycin+D-Scour,2017-02-24,14320,10766295
plate_7_G3,plate_7,G3,Control,2017-02-07,14271,17907097
plate_7_G4,plate_7,G4,Neomycin+D-Scour,2017-02-10,29934,15210013
plate_7_G5,plate_7,G5,Control,2017-01-31,14200,17904213
plate_7_G6,plate_7,G6,ColiGuard,2017-02-07,14284,21056685
plate_7_G7,plate_7,G7,Neomycin+ColiGuard,2017-02-03,29702,14909455
plate_7_G8,plate_7,G8,Control,2017-02-10,14322,15125415
plate_7_G9,plate_7,G9,ColiGuard,2017-02-10,29700,13252367
plate_7_H1,plate_7,H1,Neomycin+D-Scour,2017-01-31,14320,8133601
plate_7_H10,plate_7,H10,Control,2017-01-31,29948,17339096
plate_7_H11,plate_7,H11,D-Scour,2017-02-24,29742,16275032
plate_7_H12,plate_7,H12,Control,2017-01-31,29666,13404750
plate_7_H2,plate_7,H2,Neomycin+D-Scour,2017-01-31,29691,12943492
plate_7_H3,plate_7,H3,Neomycin+ColiGuard,2017-01-31,29715,14642557
plate_7_H4,plate_7,H4,Control,2017-01-31,14182,17182465
plate_7_H5,plate_7,H5,D-Scour,2017-01-31,29875,13224968
plate_7_H6,plate_7,H6,Control,2017-02-10,29948,15318353
plate_7_H7,plate_7,H7,ColiGuard,2017-01-31,29704,19678043
plate_7_H8,plate_7,H8,ColiGuard,2017-01-31,29700,15033875
plate_7_H9,plate_7,H9,Control,2017-01-31,29665,16528435
plate_8_A1,plate_8,A1,ColiGuard,2017-01-31,14306,11043933
plate_8_A10,plate_8,A10,ColiGuard,2017-02-10,14306,20606636
plate_8_A11,plate_8,A11,Control,2017-02-10,29654,18725252
plate_8_A12,plate_8,A12,Control,2017-02-01,14160,1959661
plate_8_A2,plate_8,A2,Control,2017-01-31,29706,11934449
plate_8_A3,plate_8,A3,Neomycin,2017-01-31,29647,15522838
plate_8_A4,plate_8,A4,ColiGuard,2017-02-07,14183,19872176
plate_8_A5,plate_8,A5,Neomycin+ColiGuard,2017-01-31,29655,18072615
plate_8_A6,plate_8,A6,Neomycin,2017-01-31,14190,10574137
plate_8_A7,plate_8,A7,Control,2017-02-10,29666,13717780
plate_8_A8,plate_8,A8,Neomycin+D-Scour,2017-01-31,14287,13916982
plate_8_A9,plate_8,A9,ColiGuard,2017-02-07,14275,16210618
plate_8_B1,plate_8,B1,D-Scour,2017-02-10,14317,13427212
plate_8_B10,plate_8,B10,Neomycin+ColiGuard,2017-02-07,29702,12682598
plate_8_B11,plate_8,B11,Neomycin+ColiGuard,2017-01-31,14274,14601384
plate_8_B12,plate_8,B12,D-Scour,2017-01-31,14172,22071541
plate_8_B2,plate_8,B2,Neomycin+ColiGuard,2017-01-31,29745,14445012
plate_8_B3,plate_8,B3,Neomycin+D-Scour,2017-02-07,29934,13567947
plate_8_B4,plate_8,B4,D-Scour,2017-02-07,14172,19505785
plate_8_B5,plate_8,B5,Neomycin,2017-01-31,29753,15007541
plate_8_B6,plate_8,B6,Neomycin+D-Scour,2017-02-07,29931,14376295
plate_8_B7,plate_8,B7,D-Scour,2017-02-10,14159,10002672
plate_8_B8,plate_8,B8,ColiGuard,2017-02-10,29704,16890282
plate_8_B9,plate_8,B9,ColiGuard,2017-01-31,14209,15631201
plate_8_C1,plate_8,C1,NegativeControl,,NegativeControl,19258
plate_8_C10,plate_8,C10,Control,2017-02-07,29705,20265107
plate_8_C11,plate_8,C11,Control,2017-02-10,14187,18526640
plate_8_C12,plate_8,C12,D-Scour,2017-01-31,29765,13664774
plate_8_C2,plate_8,C2,Control,2017-01-31,29945,13922372
plate_8_C3,plate_8,C3,Control,2017-02-07,29948,10893644
plate_8_C4,plate_8,C4,Neomycin,2017-01-31,29718,17408543
plate_8_C5,plate_8,C5,Neomycin+ColiGuard,2017-01-31,29645,14610562
plate_8_C6,plate_8,C6,Neomycin+ColiGuard,2017-01-31,29679,14641903
plate_8_C7,plate_8,C7,Neomycin+D-Scour,2017-02-07,14320,12847011
plate_8_C8,plate_8,C8,D-Scour,2017-01-31,29792,12056802
plate_8_C9,plate_8,C9,Neomycin+D-Scour,2017-01-31,29865,8389530
plate_8_D1,plate_8,D1,Control,2017-01-31,14277,11035147
plate_8_D10,plate_8,D10,Control,2017-02-07,14286,13506825
plate_8_D11,plate_8,D11,Neomycin+D-Scour,2017-01-31,14193,20780988
plate_8_D12,plate_8,D12,Neomycin+D-Scour,2017-01-31,29667,12226360
plate_8_D2,plate_8,D2,Neomycin,2017-01-31,29718,13556312
plate_8_D3,plate_8,D3,ColiGuard,2017-02-07,29700,17666689
plate_8_D4,plate_8,D4,D-Scour,2017-01-31,14276,18170583
plate_8_D5,plate_8,D5,Control,2017-01-31,29867,20324899
plate_8_D6,plate_8,D6,D-Scour,2017-02-10,29752,14873194
plate_8_D7,plate_8,D7,Control,2017-01-31,29705,9566303
plate_8_D8,plate_8,D8,Control,2017-01-31,14204,13927512
plate_8_D9,plate_8,D9,ColiGuard,2017-02-07,14308,16505119
plate_8_E1,plate_8,E1,Neomycin+ColiGuard,2017-02-03,14263,40932020
plate_8_E10,plate_8,E10,Neomycin+ColiGuard,2017-01-31,14274,23120459
plate_8_E11,plate_8,E11,Neomycin,2017-01-31,29946,6203
plate_8_E12,plate_8,E12,D-Scour,2017-02-08,14317,14736353
plate_8_E2,plate_8,E2,ColiGuard,2017-01-31,29901,6787944
plate_8_E3,plate_8,E3,Control,2017-01-31,29912,21564466
plate_8_E4,plate_8,E4,Control,2017-02-07,29665,14121685
plate_8_E5,plate_8,E5,ColiGuard,2017-02-07,29692,14975628
plate_8_E6,plate_8,E6,Neomycin+ColiGuard,2017-01-31,29943,13525176
plate_8_E7,plate_8,E7,D-Scour,2017-02-07,14262,11442079
plate_8_E8,plate_8,E8,ColiGuard,2017-02-07,14163,17259181
plate_8_E9,plate_8,E9,D-Scour,2017-01-31,14273,11324047
plate_8_F1,plate_8,F1,PosControl_ColiGuard,2018-01-24,ColiGuard,16485393
plate_8_F10,plate_8,F10,Control,2017-01-31,29876,11000396
plate_8_F11,plate_8,F11,Neomycin+D-Scour,2017-01-31,29951,15542683
plate_8_F12,plate_8,F12,Control,2017-01-31,14286,14706926
plate_8_F2,plate_8,F2,Neomycin+ColiGuard,2017-02-03,14260,16785834
plate_8_F3,plate_8,F3,PosControl_D-Scour,2018-01-24,Protexin,16379099
plate_8_F4,plate_8,F4,Control,2017-01-31,14161,9158883
plate_8_F5,plate_8,F5,Control,2017-03-03,14322,12440039
plate_8_F6,plate_8,F6,D-Scour,2017-01-31,14233,16286731
plate_8_F7,plate_8,F7,ColiGuard,2017-01-31,29863,14895483
plate_8_F8,plate_8,F8,Neomycin,2017-01-31,29796,15513748
plate_8_F9,plate_8,F9,Neomycin,2017-02-08,14208,16491098
plate_8_G1,plate_8,G1,MockCommunity,2017-08-14,MockCommunity,104593569
plate_8_G10,plate_8,G10,ColiGuard,2017-02-24,29924,14597667
plate_8_G11,plate_8,G11,D-Scour,2017-02-24,14317,21157100
plate_8_G12,plate_8,G12,Neomycin,2017-01-31,14265,127778420
plate_8_G2,plate_8,G2,Control,2017-02-07,29898,10539257
plate_8_G3,plate_8,G3,Neomycin,2017-01-31,29694,21006479
plate_8_G4,plate_8,G4,Control,2017-02-01,14160,19667814
plate_8_G5,plate_8,G5,Neomycin+ColiGuard,2017-01-31,29643,18730586
plate_8_G6,plate_8,G6,ColiGuard,2017-01-31,14275,17688904
plate_8_G7,plate_8,G7,Neomycin+ColiGuard,2017-02-07,14263,12926323
plate_8_G8,plate_8,G8,Neomycin+D-Scour,2017-01-31,29951,14858991
plate_8_G9,plate_8,G9,D-Scour,2017-01-31,29752,15582577
plate_8_H1,plate_8,H1,D-Scour,2017-01-31,29742,15279365
plate_8_H10,plate_8,H10,Control,2017-01-31,29913,22013420
plate_8_H11,plate_8,H11,Control,2017-01-31,29898,18081092
plate_8_H12,plate_8,H12,Control,2017-02-07,29939,13712183
plate_8_H2,plate_8,H2,NegativeControl,,NegativeControl,10397
plate_8_H3,plate_8,H3,ColiGuard,2017-01-31,14284,12587403
plate_8_H4,plate_8,H4,D-Scour,2017-02-01,14273,21435871
plate_8_H5,plate_8,H5,Control,2017-01-31,29962,15985709
plate_8_H6,plate_8,H6,Neomycin+ColiGuard,2017-02-07,29679,11467903
plate_8_H7,plate_8,H7,Neomycin+ColiGuard,2017-02-07,14260,16885404
plate_8_H8,plate_8,H8,D-Scour,2017-01-31,29778,16752610
plate_8_H9,plate_8,H9,Neomycin+D-Scour,2017-01-31,14174,25438267
plate_9_A1,plate_9,A1,Neomycin,2017-02-06,29693,18483295
plate_9_A10,plate_9,A10,Control,2017-03-07,29962,18790620
plate_9_A2,plate_9,A2,Mothers,2017-01-30,T12057,16066321
plate_9_A3,plate_9,A3,Neomycin+D-Scour,2017-03-06,14287,14417145
plate_9_A4,plate_9,A4,ColiGuard,2017-03-07,29704,14879905
plate_9_A5,plate_9,A5,Neomycin,2017-03-09,29949,18458407
plate_9_A6,plate_9,A6,D-Scour,2017-02-16,14273,18112294
plate_9_A7,plate_9,A7,Neomycin,2017-03-10,29668,14566948
plate_9_A8,plate_9,A8,MockCommunity,2017-08-14,MockCommunity,15788257
plate_9_A9,plate_9,A9,ColiGuard,2017-03-08,14308,11796944
plate_9_B1,plate_9,B1,Mothers,2017-01-30,21508,18509154
plate_9_B10,plate_9,B10,ColiGuard,2017-02-16,14231,11712920
plate_9_B2,plate_9,B2,Neomycin,2017-03-09,29796,20408988
plate_9_B3,plate_9,B3,D-Scour,2017-02-16,29914,16132201
plate_9_B4,plate_9,B4,Mothers,2017-01-30,32771,17724293
plate_9_B5,plate_9,B5,NegativeControl,,NegativeControl,18202605
plate_9_B6,plate_9,B6,Neomycin,2017-02-06,14207,18853628
plate_9_B7,plate_9,B7,Neomycin+D-Scour,2017-03-06,29931,12099809
plate_9_B8,plate_9,B8,Mothers,2017-01-30,319427,16023829
plate_9_B9,plate_9,B9,Neomycin+ColiGuard,2017-02-17,29645,9542200
plate_9_C1,plate_9,C1,Neomycin+ColiGuard,2017-03-08,29715,12676484
plate_9_C10,plate_9,C10,ColiGuard,2017-03-10,14209,18894995
plate_9_C2,plate_9,C2,ColiGuard,2017-03-10,14307,12397591
plate_9_C3,plate_9,C3,Control,2017-02-06,14204,19865513
plate_9_C4,plate_9,C4,Mothers,2017-01-30,315875,18438295
plate_9_C5,plate_9,C5,Neomycin+ColiGuard,2017-02-17,14171,16583538
plate_9_C6,plate_9,C6,Mothers,2017-01-30,9128,15014846
plate_9_C7,plate_9,C7,D-Scour,2017-02-16,14233,18025872
plate_9_C8,plate_9,C8,Mothers,2017-01-30,40519,17495768
plate_9_C9,plate_9,C9,D-Scour,2017-03-08,29765,7293482
plate_9_D1,plate_9,D1,Neomycin+D-Scour,2017-02-17,14298,13656653
plate_9_D10,plate_9,D10,Mothers,2017-01-30,B11802,23615952
plate_9_D2,plate_9,D2,ColiGuard,2017-02-16,29901,20156995
plate_9_D3,plate_9,D3,Neomycin,2017-03-10,14265,21208110
plate_9_D4,plate_9,D4,Mothers,2017-01-30,60581,17330450
plate_9_D5,plate_9,D5,Neomycin,2017-02-06,29647,24605612
plate_9_D6,plate_9,D6,Neomycin+ColiGuard,2017-02-17,29900,20567228
plate_9_D7,plate_9,D7,Control,2017-03-09,14322,15426000
plate_9_D8,plate_9,D8,Control,2017-02-06,29945,13504322
plate_9_D9,plate_9,D9,Neomycin+ColiGuard,2017-03-08,14260,10649271
plate_9_E1,plate_9,E1,Neomycin+D-Scour,2017-03-06,14320,26843776
plate_9_E10,plate_9,E10,Mothers,2017-01-30,32365,21892338
plate_9_E2,plate_9,E2,Mothers,2017-01-30,316703,18823701
plate_9_E3,plate_9,E3,Neomycin+D-Scour,2017-03-06,29667,12687554
plate_9_E4,plate_9,E4,Mothers,2017-01-30,40516,18201069
plate_9_E5,plate_9,E5,Mothers,2017-01-30,60690,18728260
plate_9_E6,plate_9,E6,Neomycin+ColiGuard,2017-03-10,14263,14501738
plate_9_E7,plate_9,E7,ColiGuard,2017-03-07,14288,16000937
plate_9_E8,plate_9,E8,Neomycin+ColiGuard,2017-03-10,14297,14599296
plate_9_E9,plate_9,E9,D-Scour,2017-03-09,29752,14482064
plate_9_F1,plate_9,F1,Control,2017-02-06,29867,18199352
plate_9_F10,plate_9,F10,Mothers,2017-01-30,210080,19483090
plate_9_F2,plate_9,F2,Control,2017-03-06,29948,19570730
plate_9_F3,plate_9,F3,ColiGuard,2017-03-08,29700,20110224
plate_9_F4,plate_9,F4,Neomycin,2017-03-07,29847,10089577
plate_9_F5,plate_9,F5,Mothers,2017-01-30,Y09733,9771261
plate_9_F6,plate_9,F6,Mothers,2017-01-30,21560,12950606
plate_9_F7,plate_9,F7,NegativeControl,,NegativeControl,7371015
plate_9_F8,plate_9,F8,Mothers,2017-01-30,Y08266,26017204
plate_9_F9,plate_9,F9,Mothers,2017-01-30,T11600,17627647
plate_9_G1,plate_9,G1,Neomycin+ColiGuard,2017-03-07,29646,28886692
plate_9_G10,plate_9,G10,Control,2017-03-06,29654,24500724
plate_9_G2,plate_9,G2,Control,2017-03-07,29705,13461706
plate_9_G3,plate_9,G3,Mothers,2017-01-30,706402,24729539
plate_9_G4,plate_9,G4,Neomycin+D-Scour,2017-02-17,14193,18290756
plate_9_G5,plate_9,G5,Mothers,2017-01-30,316981,22845522
plate_9_G6,plate_9,G6,Neomycin+D-Scour,2017-02-17,29691,19290565
plate_9_G7,plate_9,G7,Mothers,2017-01-30,212211,16457763
plate_9_G8,plate_9,G8,PosControl_ColiGuard,2018-01-24,ColiGuard,14692002
plate_9_G9,plate_9,G9,Neomycin+D-Scour,2017-03-09,29652,23281527
plate_9_H1,plate_9,H1,Neomycin,2017-03-07,29793,11928952
plate_9_H10,plate_9,H10,Neomycin+ColiGuard,2017-03-08,14195,21146398
plate_9_H2,plate_9,H2,Control,2017-03-09,29707,16120624
plate_9_H3,plate_9,H3,D-Scour,2017-03-09,14159,17295828
plate_9_H4,plate_9,H4,Neomycin+D-Scour,2017-03-08,29934,13571691
plate_9_H5,plate_9,H5,PosControl_D-Scour,2018-01-24,Protexin,18756568
plate_9_H6,plate_9,H6,Neomycin,2017-03-07,29694,14829562
plate_9_H7,plate_9,H7,Neomycin+D-Scour,2017-03-08,29703,14605427
plate_9_H8,plate_9,H8,ColiGuard,2017-02-16,29863,11112631
plate_9_H9,plate_9,H9,Control,2017-03-09,29913,20081443
