p_value,which_colldate,which_PC,comparison,group_1,group_2,groupsplit,test
0.923935554495667,t0,PC1,ColiGuard_vs_Control,ColiGuard,Control,all_t0,pairwise.t.test
0.442490525642076,t0,PC1,Control_vs_D-Scour,Control,D-Scour,all_t0,pairwise.t.test
0.205752750997466,t0,PC1,Control_vs_Neomycin,Control,Neomycin,all_t0,pairwise.t.test
0.178477639914642,t0,PC1,Neomycin_vs_Neomycin+ColiGuard,Neomycin,Neomycin+ColiGuard,all_t0,pairwise.t.test
0.699923508403238,t0,PC1,Neomycin_vs_Neomycin+D-Scour,Neomycin,Neomycin+D-Scour,all_t0,pairwise.t.test
0.330639774428431,t0,PC2,ColiGuard_vs_Control,ColiGuard,Control,all_t0,pairwise.t.test
0.0842715585242124,t0,PC2,Control_vs_D-Scour,Control,D-Scour,all_t0,pairwise.t.test
0.106687857183577,t0,PC2,Control_vs_Neomycin,Control,Neomycin,all_t0,pairwise.t.test
0.759613698331584,t0,PC2,Neomycin_vs_Neomycin+ColiGuard,Neomycin,Neomycin+ColiGuard,all_t0,pairwise.t.test
0.358196580648682,t0,PC2,Neomycin_vs_Neomycin+D-Scour,Neomycin,Neomycin+D-Scour,all_t0,pairwise.t.test
0.453247401160383,t0,PC3,ColiGuard_vs_Control,ColiGuard,Control,all_t0,pairwise.t.test
0.239874541606325,t0,PC3,Control_vs_D-Scour,Control,D-Scour,all_t0,pairwise.t.test
0.688894384791728,t0,PC3,Control_vs_Neomycin,Control,Neomycin,all_t0,pairwise.t.test
0.360820950111194,t0,PC3,Neomycin_vs_Neomycin+ColiGuard,Neomycin,Neomycin+ColiGuard,all_t0,pairwise.t.test
0.76251457464821,t0,PC3,Neomycin_vs_Neomycin+D-Scour,Neomycin,Neomycin+D-Scour,all_t0,pairwise.t.test
0.138315598628469,t0,PC4,ColiGuard_vs_Control,ColiGuard,Control,all_t0,pairwise.t.test
0.526424827500527,t0,PC4,Control_vs_D-Scour,Control,D-Scour,all_t0,pairwise.t.test
0.0586043923219535,t0,PC4,Control_vs_Neomycin,Control,Neomycin,all_t0,pairwise.t.test
0.307074954267916,t0,PC4,Neomycin_vs_Neomycin+ColiGuard,Neomycin,Neomycin+ColiGuard,all_t0,pairwise.t.test
0.00749646518615331,t0,PC4,Neomycin_vs_Neomycin+D-Scour,Neomycin,Neomycin+D-Scour,all_t0,pairwise.t.test
0.281458920474597,t0,PC5,ColiGuard_vs_Control,ColiGuard,Control,all_t0,pairwise.t.test
0.0854118346595857,t0,PC5,Control_vs_D-Scour,Control,D-Scour,all_t0,pairwise.t.test
6.45480333626566e-05,t0,PC5,Control_vs_Neomycin,Control,Neomycin,all_t0,pairwise.t.test
0.0335318899013179,t0,PC5,Neomycin_vs_Neomycin+ColiGuard,Neomycin,Neomycin+ColiGuard,all_t0,pairwise.t.test
0.404577574635255,t0,PC5,Neomycin_vs_Neomycin+D-Scour,Neomycin,Neomycin+D-Scour,all_t0,pairwise.t.test
0.893864018847922,t2,PC1,ColiGuard_vs_Control,ColiGuard,Control,all_t2,pairwise.t.test
0.370800649642734,t2,PC1,Control_vs_D-Scour,Control,D-Scour,all_t2,pairwise.t.test
0.980765308596287,t2,PC1,Control_vs_Neomycin,Control,Neomycin,all_t2,pairwise.t.test
0.1450077184402,t2,PC1,Neomycin_vs_Neomycin+ColiGuard,Neomycin,Neomycin+ColiGuard,all_t2,pairwise.t.test
0.440145427184461,t2,PC1,Neomycin_vs_Neomycin+D-Scour,Neomycin,Neomycin+D-Scour,all_t2,pairwise.t.test
0.907476221165971,t2,PC2,ColiGuard_vs_Control,ColiGuard,Control,all_t2,pairwise.t.test
0.441784554638065,t2,PC2,Control_vs_D-Scour,Control,D-Scour,all_t2,pairwise.t.test
0.922076938740592,t2,PC2,Control_vs_Neomycin,Control,Neomycin,all_t2,pairwise.t.test
0.138396310816335,t2,PC2,Neomycin_vs_Neomycin+ColiGuard,Neomycin,Neomycin+ColiGuard,all_t2,pairwise.t.test
0.381202268554014,t2,PC2,Neomycin_vs_Neomycin+D-Scour,Neomycin,Neomycin+D-Scour,all_t2,pairwise.t.test
0.948461524318103,t2,PC3,ColiGuard_vs_Control,ColiGuard,Control,all_t2,pairwise.t.test
0.0217416359252134,t2,PC3,Control_vs_D-Scour,Control,D-Scour,all_t2,pairwise.t.test
0.0193643679728382,t2,PC3,Control_vs_Neomycin,Control,Neomycin,all_t2,pairwise.t.test
0.0614100655965612,t2,PC3,Neomycin_vs_Neomycin+ColiGuard,Neomycin,Neomycin+ColiGuard,all_t2,pairwise.t.test
0.114652358854533,t2,PC3,Neomycin_vs_Neomycin+D-Scour,Neomycin,Neomycin+D-Scour,all_t2,pairwise.t.test
0.190783888103453,t2,PC4,ColiGuard_vs_Control,ColiGuard,Control,all_t2,pairwise.t.test
0.626543504766735,t2,PC4,Control_vs_D-Scour,Control,D-Scour,all_t2,pairwise.t.test
0.189980437874054,t2,PC4,Control_vs_Neomycin,Control,Neomycin,all_t2,pairwise.t.test
0.308285863340353,t2,PC4,Neomycin_vs_Neomycin+ColiGuard,Neomycin,Neomycin+ColiGuard,all_t2,pairwise.t.test
0.627867835413738,t2,PC4,Neomycin_vs_Neomycin+D-Scour,Neomycin,Neomycin+D-Scour,all_t2,pairwise.t.test
0.820569020854922,t2,PC5,ColiGuard_vs_Control,ColiGuard,Control,all_t2,pairwise.t.test
0.57075022863938,t2,PC5,Control_vs_D-Scour,Control,D-Scour,all_t2,pairwise.t.test
0.992893176286409,t2,PC5,Control_vs_Neomycin,Control,Neomycin,all_t2,pairwise.t.test
0.328000354074592,t2,PC5,Neomycin_vs_Neomycin+ColiGuard,Neomycin,Neomycin+ColiGuard,all_t2,pairwise.t.test
0.88149599784953,t2,PC5,Neomycin_vs_Neomycin+D-Scour,Neomycin,Neomycin+D-Scour,all_t2,pairwise.t.test
0.058636021409004,t4,PC1,ColiGuard_vs_Control,ColiGuard,Control,all_t4,pairwise.t.test
0.205764726573068,t4,PC1,Control_vs_D-Scour,Control,D-Scour,all_t4,pairwise.t.test
0.18025665238421,t4,PC1,Control_vs_Neomycin,Control,Neomycin,all_t4,pairwise.t.test
0.118256151124892,t4,PC1,Neomycin_vs_Neomycin+ColiGuard,Neomycin,Neomycin+ColiGuard,all_t4,pairwise.t.test
0.584829750404782,t4,PC1,Neomycin_vs_Neomycin+D-Scour,Neomycin,Neomycin+D-Scour,all_t4,pairwise.t.test
0.180830106640987,t4,PC2,ColiGuard_vs_Control,ColiGuard,Control,all_t4,pairwise.t.test
0.144859401738305,t4,PC2,Control_vs_D-Scour,Control,D-Scour,all_t4,pairwise.t.test
0.652491404848587,t4,PC2,Control_vs_Neomycin,Control,Neomycin,all_t4,pairwise.t.test
0.458582404542491,t4,PC2,Neomycin_vs_Neomycin+ColiGuard,Neomycin,Neomycin+ColiGuard,all_t4,pairwise.t.test
0.662081105163902,t4,PC2,Neomycin_vs_Neomycin+D-Scour,Neomycin,Neomycin+D-Scour,all_t4,pairwise.t.test
0.312719913385196,t4,PC3,ColiGuard_vs_Control,ColiGuard,Control,all_t4,pairwise.t.test
0.805626592902008,t4,PC3,Control_vs_D-Scour,Control,D-Scour,all_t4,pairwise.t.test
0.597613159243447,t4,PC3,Control_vs_Neomycin,Control,Neomycin,all_t4,pairwise.t.test
0.706009512559561,t4,PC3,Neomycin_vs_Neomycin+ColiGuard,Neomycin,Neomycin+ColiGuard,all_t4,pairwise.t.test
0.862920980198208,t4,PC3,Neomycin_vs_Neomycin+D-Scour,Neomycin,Neomycin+D-Scour,all_t4,pairwise.t.test
0.376449850367084,t4,PC4,ColiGuard_vs_Control,ColiGuard,Control,all_t4,pairwise.t.test
0.218363288545861,t4,PC4,Control_vs_D-Scour,Control,D-Scour,all_t4,pairwise.t.test
0.157364397442104,t4,PC4,Control_vs_Neomycin,Control,Neomycin,all_t4,pairwise.t.test
0.659808232129351,t4,PC4,Neomycin_vs_Neomycin+ColiGuard,Neomycin,Neomycin+ColiGuard,all_t4,pairwise.t.test
0.484940386915472,t4,PC4,Neomycin_vs_Neomycin+D-Scour,Neomycin,Neomycin+D-Scour,all_t4,pairwise.t.test
0.44315529522852,t4,PC5,ColiGuard_vs_Control,ColiGuard,Control,all_t4,pairwise.t.test
0.748495310223791,t4,PC5,Control_vs_D-Scour,Control,D-Scour,all_t4,pairwise.t.test
0.0567949696169723,t4,PC5,Control_vs_Neomycin,Control,Neomycin,all_t4,pairwise.t.test
0.579553454104938,t4,PC5,Neomycin_vs_Neomycin+ColiGuard,Neomycin,Neomycin+ColiGuard,all_t4,pairwise.t.test
0.902213154077324,t4,PC5,Neomycin_vs_Neomycin+D-Scour,Neomycin,Neomycin+D-Scour,all_t4,pairwise.t.test
0.276207634452135,t6,PC1,ColiGuard_vs_Control,ColiGuard,Control,all_t6,pairwise.t.test
0.187711193173508,t6,PC1,Control_vs_D-Scour,Control,D-Scour,all_t6,pairwise.t.test
0.509108662493441,t6,PC1,Control_vs_Neomycin,Control,Neomycin,all_t6,pairwise.t.test
0.382512631921355,t6,PC1,Neomycin_vs_Neomycin+ColiGuard,Neomycin,Neomycin+ColiGuard,all_t6,pairwise.t.test
0.609757635632739,t6,PC1,Neomycin_vs_Neomycin+D-Scour,Neomycin,Neomycin+D-Scour,all_t6,pairwise.t.test
0.500314853986538,t6,PC2,ColiGuard_vs_Control,ColiGuard,Control,all_t6,pairwise.t.test
0.00171726377456927,t6,PC2,Control_vs_D-Scour,Control,D-Scour,all_t6,pairwise.t.test
0.458310462401986,t6,PC2,Control_vs_Neomycin,Control,Neomycin,all_t6,pairwise.t.test
0.990911948179938,t6,PC2,Neomycin_vs_Neomycin+ColiGuard,Neomycin,Neomycin+ColiGuard,all_t6,pairwise.t.test
0.00404361534375691,t6,PC2,Neomycin_vs_Neomycin+D-Scour,Neomycin,Neomycin+D-Scour,all_t6,pairwise.t.test
0.873662340251462,t6,PC3,ColiGuard_vs_Control,ColiGuard,Control,all_t6,pairwise.t.test
0.763978129496294,t6,PC3,Control_vs_D-Scour,Control,D-Scour,all_t6,pairwise.t.test
0.765911487967569,t6,PC3,Control_vs_Neomycin,Control,Neomycin,all_t6,pairwise.t.test
0.792041143900567,t6,PC3,Neomycin_vs_Neomycin+ColiGuard,Neomycin,Neomycin+ColiGuard,all_t6,pairwise.t.test
0.706786827864264,t6,PC3,Neomycin_vs_Neomycin+D-Scour,Neomycin,Neomycin+D-Scour,all_t6,pairwise.t.test
0.787681343667405,t6,PC4,ColiGuard_vs_Control,ColiGuard,Control,all_t6,pairwise.t.test
0.338984893343412,t6,PC4,Control_vs_D-Scour,Control,D-Scour,all_t6,pairwise.t.test
0.0147949703435159,t6,PC4,Control_vs_Neomycin,Control,Neomycin,all_t6,pairwise.t.test
0.0839418319941773,t6,PC4,Neomycin_vs_Neomycin+ColiGuard,Neomycin,Neomycin+ColiGuard,all_t6,pairwise.t.test
0.0404973475357482,t6,PC4,Neomycin_vs_Neomycin+D-Scour,Neomycin,Neomycin+D-Scour,all_t6,pairwise.t.test
0.666575245492463,t6,PC5,ColiGuard_vs_Control,ColiGuard,Control,all_t6,pairwise.t.test
0.389537926780682,t6,PC5,Control_vs_D-Scour,Control,D-Scour,all_t6,pairwise.t.test
0.369887809151378,t6,PC5,Control_vs_Neomycin,Control,Neomycin,all_t6,pairwise.t.test
0.878641676388974,t6,PC5,Neomycin_vs_Neomycin+ColiGuard,Neomycin,Neomycin+ColiGuard,all_t6,pairwise.t.test
0.616181597307838,t6,PC5,Neomycin_vs_Neomycin+D-Scour,Neomycin,Neomycin+D-Scour,all_t6,pairwise.t.test
0.708337163483134,t8,PC1,ColiGuard_vs_Control,ColiGuard,Control,all_t8,pairwise.t.test
0.158496761054772,t8,PC1,Control_vs_D-Scour,Control,D-Scour,all_t8,pairwise.t.test
0.76730969827721,t8,PC1,Control_vs_Neomycin,Control,Neomycin,all_t8,pairwise.t.test
0.89922157378245,t8,PC1,Neomycin_vs_Neomycin+ColiGuard,Neomycin,Neomycin+ColiGuard,all_t8,pairwise.t.test
0.896092198657837,t8,PC1,Neomycin_vs_Neomycin+D-Scour,Neomycin,Neomycin+D-Scour,all_t8,pairwise.t.test
0.477284120762703,t8,PC2,ColiGuard_vs_Control,ColiGuard,Control,all_t8,pairwise.t.test
0.171153067768132,t8,PC2,Control_vs_D-Scour,Control,D-Scour,all_t8,pairwise.t.test
0.149641415312355,t8,PC2,Control_vs_Neomycin,Control,Neomycin,all_t8,pairwise.t.test
0.398357557987046,t8,PC2,Neomycin_vs_Neomycin+ColiGuard,Neomycin,Neomycin+ColiGuard,all_t8,pairwise.t.test
0.641973748071803,t8,PC2,Neomycin_vs_Neomycin+D-Scour,Neomycin,Neomycin+D-Scour,all_t8,pairwise.t.test
0.0567131141088564,t8,PC3,ColiGuard_vs_Control,ColiGuard,Control,all_t8,pairwise.t.test
0.0018064242484533,t8,PC3,Control_vs_D-Scour,Control,D-Scour,all_t8,pairwise.t.test
0.0108471683320338,t8,PC3,Control_vs_Neomycin,Control,Neomycin,all_t8,pairwise.t.test
0.00167859591382738,t8,PC3,Neomycin_vs_Neomycin+ColiGuard,Neomycin,Neomycin+ColiGuard,all_t8,pairwise.t.test
0.160194773287849,t8,PC3,Neomycin_vs_Neomycin+D-Scour,Neomycin,Neomycin+D-Scour,all_t8,pairwise.t.test
0.0354074340523533,t8,PC4,ColiGuard_vs_Control,ColiGuard,Control,all_t8,pairwise.t.test
0.0361981835215867,t8,PC4,Control_vs_D-Scour,Control,D-Scour,all_t8,pairwise.t.test
0.031612182384523,t8,PC4,Control_vs_Neomycin,Control,Neomycin,all_t8,pairwise.t.test
0.952664009610268,t8,PC4,Neomycin_vs_Neomycin+ColiGuard,Neomycin,Neomycin+ColiGuard,all_t8,pairwise.t.test
0.965613471498902,t8,PC4,Neomycin_vs_Neomycin+D-Scour,Neomycin,Neomycin+D-Scour,all_t8,pairwise.t.test
0.409083229046459,t8,PC5,ColiGuard_vs_Control,ColiGuard,Control,all_t8,pairwise.t.test
0.373793071072553,t8,PC5,Control_vs_D-Scour,Control,D-Scour,all_t8,pairwise.t.test
0.462746040332837,t8,PC5,Control_vs_Neomycin,Control,Neomycin,all_t8,pairwise.t.test
0.476230986488527,t8,PC5,Neomycin_vs_Neomycin+ColiGuard,Neomycin,Neomycin+ColiGuard,all_t8,pairwise.t.test
0.62123708829341,t8,PC5,Neomycin_vs_Neomycin+D-Scour,Neomycin,Neomycin+D-Scour,all_t8,pairwise.t.test
0.901215054760087,t9,PC1,ColiGuard_vs_Control,ColiGuard,Control,all_t9,pairwise.t.test
0.927896773614321,t9,PC1,Control_vs_D-Scour,Control,D-Scour,all_t9,pairwise.t.test
0.596478465477113,t9,PC1,Control_vs_Neomycin,Control,Neomycin,all_t9,pairwise.t.test
0.586413214603553,t9,PC1,Neomycin_vs_Neomycin+ColiGuard,Neomycin,Neomycin+ColiGuard,all_t9,pairwise.t.test
0.986648464949089,t9,PC1,Neomycin_vs_Neomycin+D-Scour,Neomycin,Neomycin+D-Scour,all_t9,pairwise.t.test
0.754399492258578,t9,PC2,ColiGuard_vs_Control,ColiGuard,Control,all_t9,pairwise.t.test
0.967073687867591,t9,PC2,Control_vs_D-Scour,Control,D-Scour,all_t9,pairwise.t.test
0.334777024516088,t9,PC2,Control_vs_Neomycin,Control,Neomycin,all_t9,pairwise.t.test
0.464936556686971,t9,PC2,Neomycin_vs_Neomycin+ColiGuard,Neomycin,Neomycin+ColiGuard,all_t9,pairwise.t.test
0.615324094036047,t9,PC2,Neomycin_vs_Neomycin+D-Scour,Neomycin,Neomycin+D-Scour,all_t9,pairwise.t.test
0.790405789644561,t9,PC3,ColiGuard_vs_Control,ColiGuard,Control,all_t9,pairwise.t.test
0.470148249366905,t9,PC3,Control_vs_D-Scour,Control,D-Scour,all_t9,pairwise.t.test
0.853204982304984,t9,PC3,Control_vs_Neomycin,Control,Neomycin,all_t9,pairwise.t.test
0.616477484673482,t9,PC3,Neomycin_vs_Neomycin+ColiGuard,Neomycin,Neomycin+ColiGuard,all_t9,pairwise.t.test
0.405628057106595,t9,PC3,Neomycin_vs_Neomycin+D-Scour,Neomycin,Neomycin+D-Scour,all_t9,pairwise.t.test
0.641655883763397,t9,PC4,ColiGuard_vs_Control,ColiGuard,Control,all_t9,pairwise.t.test
0.420281802670734,t9,PC4,Control_vs_D-Scour,Control,D-Scour,all_t9,pairwise.t.test
0.400747088633163,t9,PC4,Control_vs_Neomycin,Control,Neomycin,all_t9,pairwise.t.test
0.58785609885052,t9,PC4,Neomycin_vs_Neomycin+ColiGuard,Neomycin,Neomycin+ColiGuard,all_t9,pairwise.t.test
0.690936022014468,t9,PC4,Neomycin_vs_Neomycin+D-Scour,Neomycin,Neomycin+D-Scour,all_t9,pairwise.t.test
0.408767493547788,t9,PC5,ColiGuard_vs_Control,ColiGuard,Control,all_t9,pairwise.t.test
0.0587916822480909,t9,PC5,Control_vs_D-Scour,Control,D-Scour,all_t9,pairwise.t.test
0.208719354739832,t9,PC5,Control_vs_Neomycin,Control,Neomycin,all_t9,pairwise.t.test
0.161232796410722,t9,PC5,Neomycin_vs_Neomycin+ColiGuard,Neomycin,Neomycin+ColiGuard,all_t9,pairwise.t.test
0.0281331481791556,t9,PC5,Neomycin_vs_Neomycin+D-Scour,Neomycin,Neomycin+D-Scour,all_t9,pairwise.t.test
0.794272364546709,t0,PC1,ColiGuard_vs_Control,ColiGuard,Control,groupA_t0,pairwise.t.test
0.119223404921846,t0,PC1,Control_vs_D-Scour,Control,D-Scour,groupA_t0,pairwise.t.test
0.952846872761622,t0,PC1,Control_vs_Neomycin,Control,Neomycin,groupA_t0,pairwise.t.test
0.421668276432564,t0,PC1,Neomycin_vs_Neomycin+ColiGuard,Neomycin,Neomycin+ColiGuard,groupA_t0,pairwise.t.test
0.451249255883289,t0,PC1,Neomycin_vs_Neomycin+D-Scour,Neomycin,Neomycin+D-Scour,groupA_t0,pairwise.t.test
0.889730031703192,t0,PC2,ColiGuard_vs_Control,ColiGuard,Control,groupA_t0,pairwise.t.test
0.370303102471541,t0,PC2,Control_vs_D-Scour,Control,D-Scour,groupA_t0,pairwise.t.test
0.496744004016181,t0,PC2,Control_vs_Neomycin,Control,Neomycin,groupA_t0,pairwise.t.test
0.693585042359464,t0,PC2,Neomycin_vs_Neomycin+ColiGuard,Neomycin,Neomycin+ColiGuard,groupA_t0,pairwise.t.test
0.666510662132016,t0,PC2,Neomycin_vs_Neomycin+D-Scour,Neomycin,Neomycin+D-Scour,groupA_t0,pairwise.t.test
0.0164965023730493,t0,PC3,ColiGuard_vs_Control,ColiGuard,Control,groupA_t0,pairwise.t.test
0.553223871282661,t0,PC3,Control_vs_D-Scour,Control,D-Scour,groupA_t0,pairwise.t.test
0.113403272315938,t0,PC3,Control_vs_Neomycin,Control,Neomycin,groupA_t0,pairwise.t.test
0.368954419946689,t0,PC3,Neomycin_vs_Neomycin+ColiGuard,Neomycin,Neomycin+ColiGuard,groupA_t0,pairwise.t.test
0.184173089724287,t0,PC3,Neomycin_vs_Neomycin+D-Scour,Neomycin,Neomycin+D-Scour,groupA_t0,pairwise.t.test
0.973243619018182,t0,PC4,ColiGuard_vs_Control,ColiGuard,Control,groupA_t0,pairwise.t.test
0.546009982307028,t0,PC4,Control_vs_D-Scour,Control,D-Scour,groupA_t0,pairwise.t.test
0.797154735232631,t0,PC4,Control_vs_Neomycin,Control,Neomycin,groupA_t0,pairwise.t.test
0.642367424928343,t0,PC4,Neomycin_vs_Neomycin+ColiGuard,Neomycin,Neomycin+ColiGuard,groupA_t0,pairwise.t.test
0.375777176252091,t0,PC4,Neomycin_vs_Neomycin+D-Scour,Neomycin,Neomycin+D-Scour,groupA_t0,pairwise.t.test
0.571222293402661,t0,PC5,ColiGuard_vs_Control,ColiGuard,Control,groupA_t0,pairwise.t.test
0.155052975445101,t0,PC5,Control_vs_D-Scour,Control,D-Scour,groupA_t0,pairwise.t.test
0.678856356584296,t0,PC5,Control_vs_Neomycin,Control,Neomycin,groupA_t0,pairwise.t.test
0.719090910653882,t0,PC5,Neomycin_vs_Neomycin+ColiGuard,Neomycin,Neomycin+ColiGuard,groupA_t0,pairwise.t.test
0.358803070992692,t0,PC5,Neomycin_vs_Neomycin+D-Scour,Neomycin,Neomycin+D-Scour,groupA_t0,pairwise.t.test
0.856299986921009,t2,PC1,ColiGuard_vs_Control,ColiGuard,Control,groupA_t2,pairwise.t.test
0.416314164755373,t2,PC1,Control_vs_D-Scour,Control,D-Scour,groupA_t2,pairwise.t.test
0.655086979560232,t2,PC1,Control_vs_Neomycin,Control,Neomycin,groupA_t2,pairwise.t.test
0.420261427354729,t2,PC1,Neomycin_vs_Neomycin+ColiGuard,Neomycin,Neomycin+ColiGuard,groupA_t2,pairwise.t.test
0.80011312117083,t2,PC1,Neomycin_vs_Neomycin+D-Scour,Neomycin,Neomycin+D-Scour,groupA_t2,pairwise.t.test
0.70406833042483,t2,PC2,ColiGuard_vs_Control,ColiGuard,Control,groupA_t2,pairwise.t.test
0.342113749176934,t2,PC2,Control_vs_D-Scour,Control,D-Scour,groupA_t2,pairwise.t.test
0.301480779911996,t2,PC2,Control_vs_Neomycin,Control,Neomycin,groupA_t2,pairwise.t.test
0.346037987956429,t2,PC2,Neomycin_vs_Neomycin+ColiGuard,Neomycin,Neomycin+ColiGuard,groupA_t2,pairwise.t.test
0.100934901660642,t2,PC2,Neomycin_vs_Neomycin+D-Scour,Neomycin,Neomycin+D-Scour,groupA_t2,pairwise.t.test
0.722697423423286,t2,PC3,ColiGuard_vs_Control,ColiGuard,Control,groupA_t2,pairwise.t.test
0.0589375577619252,t2,PC3,Control_vs_D-Scour,Control,D-Scour,groupA_t2,pairwise.t.test
0.024046405881124,t2,PC3,Control_vs_Neomycin,Control,Neomycin,groupA_t2,pairwise.t.test
0.225748671297813,t2,PC3,Neomycin_vs_Neomycin+ColiGuard,Neomycin,Neomycin+ColiGuard,groupA_t2,pairwise.t.test
0.0874605430169135,t2,PC3,Neomycin_vs_Neomycin+D-Scour,Neomycin,Neomycin+D-Scour,groupA_t2,pairwise.t.test
0.112954964951075,t2,PC4,ColiGuard_vs_Control,ColiGuard,Control,groupA_t2,pairwise.t.test
0.478985293595807,t2,PC4,Control_vs_D-Scour,Control,D-Scour,groupA_t2,pairwise.t.test
0.083489642772904,t2,PC4,Control_vs_Neomycin,Control,Neomycin,groupA_t2,pairwise.t.test
0.012689811649938,t2,PC4,Neomycin_vs_Neomycin+ColiGuard,Neomycin,Neomycin+ColiGuard,groupA_t2,pairwise.t.test
0.057428539978416,t2,PC4,Neomycin_vs_Neomycin+D-Scour,Neomycin,Neomycin+D-Scour,groupA_t2,pairwise.t.test
0.299762048259647,t2,PC5,ColiGuard_vs_Control,ColiGuard,Control,groupA_t2,pairwise.t.test
0.284065011093704,t2,PC5,Control_vs_D-Scour,Control,D-Scour,groupA_t2,pairwise.t.test
0.672336797943555,t2,PC5,Control_vs_Neomycin,Control,Neomycin,groupA_t2,pairwise.t.test
0.25665974036668,t2,PC5,Neomycin_vs_Neomycin+ColiGuard,Neomycin,Neomycin+ColiGuard,groupA_t2,pairwise.t.test
0.607256572176955,t2,PC5,Neomycin_vs_Neomycin+D-Scour,Neomycin,Neomycin+D-Scour,groupA_t2,pairwise.t.test
0.620888416115965,t4,PC1,ColiGuard_vs_Control,ColiGuard,Control,groupA_t4,pairwise.t.test
0.396259332534829,t4,PC1,Control_vs_D-Scour,Control,D-Scour,groupA_t4,pairwise.t.test
0.832180523588171,t4,PC1,Control_vs_Neomycin,Control,Neomycin,groupA_t4,pairwise.t.test
0.476119067373127,t4,PC1,Neomycin_vs_Neomycin+ColiGuard,Neomycin,Neomycin+ColiGuard,groupA_t4,pairwise.t.test
0.559305574214992,t4,PC1,Neomycin_vs_Neomycin+D-Scour,Neomycin,Neomycin+D-Scour,groupA_t4,pairwise.t.test
0.908974884795593,t4,PC2,ColiGuard_vs_Control,ColiGuard,Control,groupA_t4,pairwise.t.test
0.444952475665649,t4,PC2,Control_vs_D-Scour,Control,D-Scour,groupA_t4,pairwise.t.test
0.0234040310555781,t4,PC2,Control_vs_Neomycin,Control,Neomycin,groupA_t4,pairwise.t.test
0.00258350500197348,t4,PC2,Neomycin_vs_Neomycin+ColiGuard,Neomycin,Neomycin+ColiGuard,groupA_t4,pairwise.t.test
0.015489908337429,t4,PC2,Neomycin_vs_Neomycin+D-Scour,Neomycin,Neomycin+D-Scour,groupA_t4,pairwise.t.test
0.180456116188499,t4,PC3,ColiGuard_vs_Control,ColiGuard,Control,groupA_t4,pairwise.t.test
0.920047647899906,t4,PC3,Control_vs_D-Scour,Control,D-Scour,groupA_t4,pairwise.t.test
0.801701392431593,t4,PC3,Control_vs_Neomycin,Control,Neomycin,groupA_t4,pairwise.t.test
0.62873261283809,t4,PC3,Neomycin_vs_Neomycin+ColiGuard,Neomycin,Neomycin+ColiGuard,groupA_t4,pairwise.t.test
0.257558531776674,t4,PC3,Neomycin_vs_Neomycin+D-Scour,Neomycin,Neomycin+D-Scour,groupA_t4,pairwise.t.test
0.786800832010654,t4,PC4,ColiGuard_vs_Control,ColiGuard,Control,groupA_t4,pairwise.t.test
0.803497064377679,t4,PC4,Control_vs_D-Scour,Control,D-Scour,groupA_t4,pairwise.t.test
0.336692896940435,t4,PC4,Control_vs_Neomycin,Control,Neomycin,groupA_t4,pairwise.t.test
0.422224924113939,t4,PC4,Neomycin_vs_Neomycin+ColiGuard,Neomycin,Neomycin+ColiGuard,groupA_t4,pairwise.t.test
0.524518508688697,t4,PC4,Neomycin_vs_Neomycin+D-Scour,Neomycin,Neomycin+D-Scour,groupA_t4,pairwise.t.test
0.202812219811708,t4,PC5,ColiGuard_vs_Control,ColiGuard,Control,groupA_t4,pairwise.t.test
0.132645905052581,t4,PC5,Control_vs_D-Scour,Control,D-Scour,groupA_t4,pairwise.t.test
0.193224603899398,t4,PC5,Control_vs_Neomycin,Control,Neomycin,groupA_t4,pairwise.t.test
0.820543573110692,t4,PC5,Neomycin_vs_Neomycin+ColiGuard,Neomycin,Neomycin+ColiGuard,groupA_t4,pairwise.t.test
0.701648628660691,t4,PC5,Neomycin_vs_Neomycin+D-Scour,Neomycin,Neomycin+D-Scour,groupA_t4,pairwise.t.test
0.344544023611439,t6,PC1,ColiGuard_vs_Control,ColiGuard,Control,groupA_t6,pairwise.t.test
0.153189914865891,t6,PC1,Control_vs_D-Scour,Control,D-Scour,groupA_t6,pairwise.t.test
0.673047060872772,t6,PC1,Control_vs_Neomycin,Control,Neomycin,groupA_t6,pairwise.t.test
0.682611213080627,t6,PC1,Neomycin_vs_Neomycin+ColiGuard,Neomycin,Neomycin+ColiGuard,groupA_t6,pairwise.t.test
0.953771141434942,t6,PC1,Neomycin_vs_Neomycin+D-Scour,Neomycin,Neomycin+D-Scour,groupA_t6,pairwise.t.test
0.855315187472299,t6,PC2,ColiGuard_vs_Control,ColiGuard,Control,groupA_t6,pairwise.t.test
0.162799646358481,t6,PC2,Control_vs_D-Scour,Control,D-Scour,groupA_t6,pairwise.t.test
0.863334796462589,t6,PC2,Control_vs_Neomycin,Control,Neomycin,groupA_t6,pairwise.t.test
0.289776147094571,t6,PC2,Neomycin_vs_Neomycin+ColiGuard,Neomycin,Neomycin+ColiGuard,groupA_t6,pairwise.t.test
0.715673598477974,t6,PC2,Neomycin_vs_Neomycin+D-Scour,Neomycin,Neomycin+D-Scour,groupA_t6,pairwise.t.test
0.136577686581505,t6,PC3,ColiGuard_vs_Control,ColiGuard,Control,groupA_t6,pairwise.t.test
0.125856039671299,t6,PC3,Control_vs_D-Scour,Control,D-Scour,groupA_t6,pairwise.t.test
0.791241485264643,t6,PC3,Control_vs_Neomycin,Control,Neomycin,groupA_t6,pairwise.t.test
0.449978098669757,t6,PC3,Neomycin_vs_Neomycin+ColiGuard,Neomycin,Neomycin+ColiGuard,groupA_t6,pairwise.t.test
0.0215386432442914,t6,PC3,Neomycin_vs_Neomycin+D-Scour,Neomycin,Neomycin+D-Scour,groupA_t6,pairwise.t.test
0.463326850181122,t6,PC4,ColiGuard_vs_Control,ColiGuard,Control,groupA_t6,pairwise.t.test
0.673923903124464,t6,PC4,Control_vs_D-Scour,Control,D-Scour,groupA_t6,pairwise.t.test
0.199100886584212,t6,PC4,Control_vs_Neomycin,Control,Neomycin,groupA_t6,pairwise.t.test
0.45865613675077,t6,PC4,Neomycin_vs_Neomycin+ColiGuard,Neomycin,Neomycin+ColiGuard,groupA_t6,pairwise.t.test
0.246835538257876,t6,PC4,Neomycin_vs_Neomycin+D-Scour,Neomycin,Neomycin+D-Scour,groupA_t6,pairwise.t.test
0.537756928997607,t6,PC5,ColiGuard_vs_Control,ColiGuard,Control,groupA_t6,pairwise.t.test
0.690969176318364,t6,PC5,Control_vs_D-Scour,Control,D-Scour,groupA_t6,pairwise.t.test
0.521858304098329,t6,PC5,Control_vs_Neomycin,Control,Neomycin,groupA_t6,pairwise.t.test
0.542189192448563,t6,PC5,Neomycin_vs_Neomycin+ColiGuard,Neomycin,Neomycin+ColiGuard,groupA_t6,pairwise.t.test
0.537168647229148,t6,PC5,Neomycin_vs_Neomycin+D-Scour,Neomycin,Neomycin+D-Scour,groupA_t6,pairwise.t.test
0.738951615875043,t8,PC1,ColiGuard_vs_Control,ColiGuard,Control,groupA_t8,pairwise.t.test
0.350506570916695,t8,PC1,Control_vs_D-Scour,Control,D-Scour,groupA_t8,pairwise.t.test
0.772477741179452,t8,PC1,Control_vs_Neomycin,Control,Neomycin,groupA_t8,pairwise.t.test
0.634768825767328,t8,PC1,Neomycin_vs_Neomycin+ColiGuard,Neomycin,Neomycin+ColiGuard,groupA_t8,pairwise.t.test
0.401979464003158,t8,PC1,Neomycin_vs_Neomycin+D-Scour,Neomycin,Neomycin+D-Scour,groupA_t8,pairwise.t.test
0.660540964139125,t8,PC2,ColiGuard_vs_Control,ColiGuard,Control,groupA_t8,pairwise.t.test
0.430741287233532,t8,PC2,Control_vs_D-Scour,Control,D-Scour,groupA_t8,pairwise.t.test
0.851158382223965,t8,PC2,Control_vs_Neomycin,Control,Neomycin,groupA_t8,pairwise.t.test
0.106909933594297,t8,PC2,Neomycin_vs_Neomycin+ColiGuard,Neomycin,Neomycin+ColiGuard,groupA_t8,pairwise.t.test
0.331347373694183,t8,PC2,Neomycin_vs_Neomycin+D-Scour,Neomycin,Neomycin+D-Scour,groupA_t8,pairwise.t.test
0.991398048852948,t8,PC3,ColiGuard_vs_Control,ColiGuard,Control,groupA_t8,pairwise.t.test
0.897810181608283,t8,PC3,Control_vs_D-Scour,Control,D-Scour,groupA_t8,pairwise.t.test
0.83464636309768,t8,PC3,Control_vs_Neomycin,Control,Neomycin,groupA_t8,pairwise.t.test
0.0904707716040698,t8,PC3,Neomycin_vs_Neomycin+ColiGuard,Neomycin,Neomycin+ColiGuard,groupA_t8,pairwise.t.test
0.761184748980195,t8,PC3,Neomycin_vs_Neomycin+D-Scour,Neomycin,Neomycin+D-Scour,groupA_t8,pairwise.t.test
0.130181403306205,t8,PC4,ColiGuard_vs_Control,ColiGuard,Control,groupA_t8,pairwise.t.test
0.0854127677628774,t8,PC4,Control_vs_D-Scour,Control,D-Scour,groupA_t8,pairwise.t.test
0.070498507073724,t8,PC4,Control_vs_Neomycin,Control,Neomycin,groupA_t8,pairwise.t.test
0.283083364404742,t8,PC4,Neomycin_vs_Neomycin+ColiGuard,Neomycin,Neomycin+ColiGuard,groupA_t8,pairwise.t.test
0.359601662800629,t8,PC4,Neomycin_vs_Neomycin+D-Scour,Neomycin,Neomycin+D-Scour,groupA_t8,pairwise.t.test
0.472654878647037,t8,PC5,ColiGuard_vs_Control,ColiGuard,Control,groupA_t8,pairwise.t.test
0.429704355389509,t8,PC5,Control_vs_D-Scour,Control,D-Scour,groupA_t8,pairwise.t.test
0.15736533483485,t8,PC5,Control_vs_Neomycin,Control,Neomycin,groupA_t8,pairwise.t.test
0.116765594349954,t8,PC5,Neomycin_vs_Neomycin+ColiGuard,Neomycin,Neomycin+ColiGuard,groupA_t8,pairwise.t.test
0.0609416322886056,t8,PC5,Neomycin_vs_Neomycin+D-Scour,Neomycin,Neomycin+D-Scour,groupA_t8,pairwise.t.test
0.700534612531748,t9,PC1,Neomycin_vs_Neomycin+ColiGuard,Neomycin,Neomycin+ColiGuard,groupA_t9,pairwise.t.test
0.951923183341913,t9,PC2,Neomycin_vs_Neomycin+ColiGuard,Neomycin,Neomycin+ColiGuard,groupA_t9,pairwise.t.test
0.868589874037769,t9,PC3,Neomycin_vs_Neomycin+ColiGuard,Neomycin,Neomycin+ColiGuard,groupA_t9,pairwise.t.test
0.773705168108123,t9,PC4,Neomycin_vs_Neomycin+ColiGuard,Neomycin,Neomycin+ColiGuard,groupA_t9,pairwise.t.test
0.767125814140731,t9,PC5,Neomycin_vs_Neomycin+ColiGuard,Neomycin,Neomycin+ColiGuard,groupA_t9,pairwise.t.test
0.711842732450415,t0,PC1,ColiGuard_vs_Control,ColiGuard,Control,groupB_t0,pairwise.t.test
0.239723760684761,t0,PC1,Control_vs_D-Scour,Control,D-Scour,groupB_t0,pairwise.t.test
0.00630230936658552,t0,PC1,Control_vs_Neomycin,Control,Neomycin,groupB_t0,pairwise.t.test
0.0631289249641144,t0,PC1,Neomycin_vs_Neomycin+ColiGuard,Neomycin,Neomycin+ColiGuard,groupB_t0,pairwise.t.test
0.449419169538386,t0,PC1,Neomycin_vs_Neomycin+D-Scour,Neomycin,Neomycin+D-Scour,groupB_t0,pairwise.t.test
0.411993294694846,t0,PC2,ColiGuard_vs_Control,ColiGuard,Control,groupB_t0,pairwise.t.test
0.413787205911458,t0,PC2,Control_vs_D-Scour,Control,D-Scour,groupB_t0,pairwise.t.test
0.590386488309238,t0,PC2,Control_vs_Neomycin,Control,Neomycin,groupB_t0,pairwise.t.test
0.0686265956263754,t0,PC2,Neomycin_vs_Neomycin+ColiGuard,Neomycin,Neomycin+ColiGuard,groupB_t0,pairwise.t.test
0.520666320453875,t0,PC2,Neomycin_vs_Neomycin+D-Scour,Neomycin,Neomycin+D-Scour,groupB_t0,pairwise.t.test
0.860138857223479,t0,PC3,ColiGuard_vs_Control,ColiGuard,Control,groupB_t0,pairwise.t.test
0.839812940495891,t0,PC3,Control_vs_D-Scour,Control,D-Scour,groupB_t0,pairwise.t.test
0.534042374342045,t0,PC3,Control_vs_Neomycin,Control,Neomycin,groupB_t0,pairwise.t.test
6.40731347686732e-05,t0,PC3,Neomycin_vs_Neomycin+ColiGuard,Neomycin,Neomycin+ColiGuard,groupB_t0,pairwise.t.test
0.784435157646056,t0,PC3,Neomycin_vs_Neomycin+D-Scour,Neomycin,Neomycin+D-Scour,groupB_t0,pairwise.t.test
0.876643110672996,t0,PC4,ColiGuard_vs_Control,ColiGuard,Control,groupB_t0,pairwise.t.test
0.39530768324562,t0,PC4,Control_vs_D-Scour,Control,D-Scour,groupB_t0,pairwise.t.test
0.532964129960898,t0,PC4,Control_vs_Neomycin,Control,Neomycin,groupB_t0,pairwise.t.test
0.836514680000233,t0,PC4,Neomycin_vs_Neomycin+ColiGuard,Neomycin,Neomycin+ColiGuard,groupB_t0,pairwise.t.test
0.00587905330346328,t0,PC4,Neomycin_vs_Neomycin+D-Scour,Neomycin,Neomycin+D-Scour,groupB_t0,pairwise.t.test
0.756450189941849,t0,PC5,ColiGuard_vs_Control,ColiGuard,Control,groupB_t0,pairwise.t.test
0.31351311718264,t0,PC5,Control_vs_D-Scour,Control,D-Scour,groupB_t0,pairwise.t.test
0.011288458028146,t0,PC5,Control_vs_Neomycin,Control,Neomycin,groupB_t0,pairwise.t.test
0.879249988500384,t0,PC5,Neomycin_vs_Neomycin+ColiGuard,Neomycin,Neomycin+ColiGuard,groupB_t0,pairwise.t.test
0.0455884841699623,t0,PC5,Neomycin_vs_Neomycin+D-Scour,Neomycin,Neomycin+D-Scour,groupB_t0,pairwise.t.test
0.138571716983124,t2,PC1,ColiGuard_vs_Control,ColiGuard,Control,groupB_t2,pairwise.t.test
0.269848044381733,t2,PC1,Control_vs_D-Scour,Control,D-Scour,groupB_t2,pairwise.t.test
0.566972783651364,t2,PC1,Control_vs_Neomycin,Control,Neomycin,groupB_t2,pairwise.t.test
0.305230384021181,t2,PC1,Neomycin_vs_Neomycin+ColiGuard,Neomycin,Neomycin+ColiGuard,groupB_t2,pairwise.t.test
0.857142423484367,t2,PC1,Neomycin_vs_Neomycin+D-Scour,Neomycin,Neomycin+D-Scour,groupB_t2,pairwise.t.test
0.806398171438045,t2,PC2,ColiGuard_vs_Control,ColiGuard,Control,groupB_t2,pairwise.t.test
0.926856101724323,t2,PC2,Control_vs_D-Scour,Control,D-Scour,groupB_t2,pairwise.t.test
0.552717754979027,t2,PC2,Control_vs_Neomycin,Control,Neomycin,groupB_t2,pairwise.t.test
0.663738705173157,t2,PC2,Neomycin_vs_Neomycin+ColiGuard,Neomycin,Neomycin+ColiGuard,groupB_t2,pairwise.t.test
0.176224337250468,t2,PC2,Neomycin_vs_Neomycin+D-Scour,Neomycin,Neomycin+D-Scour,groupB_t2,pairwise.t.test
0.99698290587722,t2,PC3,ColiGuard_vs_Control,ColiGuard,Control,groupB_t2,pairwise.t.test
0.544724296300316,t2,PC3,Control_vs_D-Scour,Control,D-Scour,groupB_t2,pairwise.t.test
0.771497738250532,t2,PC3,Control_vs_Neomycin,Control,Neomycin,groupB_t2,pairwise.t.test
0.394596958076404,t2,PC3,Neomycin_vs_Neomycin+ColiGuard,Neomycin,Neomycin+ColiGuard,groupB_t2,pairwise.t.test
0.677039550391597,t2,PC3,Neomycin_vs_Neomycin+D-Scour,Neomycin,Neomycin+D-Scour,groupB_t2,pairwise.t.test
0.690882207991013,t2,PC4,ColiGuard_vs_Control,ColiGuard,Control,groupB_t2,pairwise.t.test
0.229353532758548,t2,PC4,Control_vs_D-Scour,Control,D-Scour,groupB_t2,pairwise.t.test
0.801029968967765,t2,PC4,Control_vs_Neomycin,Control,Neomycin,groupB_t2,pairwise.t.test
0.178575213266995,t2,PC4,Neomycin_vs_Neomycin+ColiGuard,Neomycin,Neomycin+ColiGuard,groupB_t2,pairwise.t.test
0.425138843419498,t2,PC4,Neomycin_vs_Neomycin+D-Scour,Neomycin,Neomycin+D-Scour,groupB_t2,pairwise.t.test
0.637393005911178,t2,PC5,ColiGuard_vs_Control,ColiGuard,Control,groupB_t2,pairwise.t.test
0.522400274257365,t2,PC5,Control_vs_D-Scour,Control,D-Scour,groupB_t2,pairwise.t.test
0.995399431615962,t2,PC5,Control_vs_Neomycin,Control,Neomycin,groupB_t2,pairwise.t.test
0.351613053431282,t2,PC5,Neomycin_vs_Neomycin+ColiGuard,Neomycin,Neomycin+ColiGuard,groupB_t2,pairwise.t.test
0.757054726373944,t2,PC5,Neomycin_vs_Neomycin+D-Scour,Neomycin,Neomycin+D-Scour,groupB_t2,pairwise.t.test
0.094728042054784,t4,PC1,ColiGuard_vs_Control,ColiGuard,Control,groupB_t4,pairwise.t.test
0.0965470006394482,t4,PC1,Control_vs_D-Scour,Control,D-Scour,groupB_t4,pairwise.t.test
0.132474136572621,t4,PC1,Control_vs_Neomycin,Control,Neomycin,groupB_t4,pairwise.t.test
0.915860608158874,t4,PC1,Neomycin_vs_Neomycin+ColiGuard,Neomycin,Neomycin+ColiGuard,groupB_t4,pairwise.t.test
0.401176724605688,t4,PC1,Neomycin_vs_Neomycin+D-Scour,Neomycin,Neomycin+D-Scour,groupB_t4,pairwise.t.test
0.301938435976141,t4,PC2,ColiGuard_vs_Control,ColiGuard,Control,groupB_t4,pairwise.t.test
0.574072395584846,t4,PC2,Control_vs_D-Scour,Control,D-Scour,groupB_t4,pairwise.t.test
0.299611834265168,t4,PC2,Control_vs_Neomycin,Control,Neomycin,groupB_t4,pairwise.t.test
0.0208249834716924,t4,PC2,Neomycin_vs_Neomycin+ColiGuard,Neomycin,Neomycin+ColiGuard,groupB_t4,pairwise.t.test
0.234718061313105,t4,PC2,Neomycin_vs_Neomycin+D-Scour,Neomycin,Neomycin+D-Scour,groupB_t4,pairwise.t.test
0.407315230940514,t4,PC3,ColiGuard_vs_Control,ColiGuard,Control,groupB_t4,pairwise.t.test
0.519941306112125,t4,PC3,Control_vs_D-Scour,Control,D-Scour,groupB_t4,pairwise.t.test
0.409810872858133,t4,PC3,Control_vs_Neomycin,Control,Neomycin,groupB_t4,pairwise.t.test
0.658808287914146,t4,PC3,Neomycin_vs_Neomycin+ColiGuard,Neomycin,Neomycin+ColiGuard,groupB_t4,pairwise.t.test
0.940138636824893,t4,PC3,Neomycin_vs_Neomycin+D-Scour,Neomycin,Neomycin+D-Scour,groupB_t4,pairwise.t.test
0.460502885707672,t4,PC4,ColiGuard_vs_Control,ColiGuard,Control,groupB_t4,pairwise.t.test
0.800602220997824,t4,PC4,Control_vs_D-Scour,Control,D-Scour,groupB_t4,pairwise.t.test
0.250620431146493,t4,PC4,Control_vs_Neomycin,Control,Neomycin,groupB_t4,pairwise.t.test
0.574417274105598,t4,PC4,Neomycin_vs_Neomycin+ColiGuard,Neomycin,Neomycin+ColiGuard,groupB_t4,pairwise.t.test
0.278879867916524,t4,PC4,Neomycin_vs_Neomycin+D-Scour,Neomycin,Neomycin+D-Scour,groupB_t4,pairwise.t.test
0.315090100034413,t4,PC5,ColiGuard_vs_Control,ColiGuard,Control,groupB_t4,pairwise.t.test
0.911987575119065,t4,PC5,Control_vs_D-Scour,Control,D-Scour,groupB_t4,pairwise.t.test
0.0290742117491761,t4,PC5,Control_vs_Neomycin,Control,Neomycin,groupB_t4,pairwise.t.test
0.259248588408215,t4,PC5,Neomycin_vs_Neomycin+ColiGuard,Neomycin,Neomycin+ColiGuard,groupB_t4,pairwise.t.test
0.613344284621681,t4,PC5,Neomycin_vs_Neomycin+D-Scour,Neomycin,Neomycin+D-Scour,groupB_t4,pairwise.t.test
0.493409214251877,t6,PC1,ColiGuard_vs_Control,ColiGuard,Control,groupB_t6,pairwise.t.test
0.419142302409015,t6,PC1,Control_vs_D-Scour,Control,D-Scour,groupB_t6,pairwise.t.test
0.859109083729885,t6,PC1,Control_vs_Neomycin,Control,Neomycin,groupB_t6,pairwise.t.test
0.521062930868531,t6,PC1,Neomycin_vs_Neomycin+D-Scour,Neomycin,Neomycin+D-Scour,groupB_t6,pairwise.t.test
0.0765490705055335,t6,PC2,ColiGuard_vs_Control,ColiGuard,Control,groupB_t6,pairwise.t.test
0.0255360867047342,t6,PC2,Control_vs_D-Scour,Control,D-Scour,groupB_t6,pairwise.t.test
0.085691160142504,t6,PC2,Control_vs_Neomycin,Control,Neomycin,groupB_t6,pairwise.t.test
0.0458353220266597,t6,PC2,Neomycin_vs_Neomycin+D-Scour,Neomycin,Neomycin+D-Scour,groupB_t6,pairwise.t.test
0.854218724681575,t6,PC3,ColiGuard_vs_Control,ColiGuard,Control,groupB_t6,pairwise.t.test
0.293276941107058,t6,PC3,Control_vs_D-Scour,Control,D-Scour,groupB_t6,pairwise.t.test
0.82840136731681,t6,PC3,Control_vs_Neomycin,Control,Neomycin,groupB_t6,pairwise.t.test
0.175093673805265,t6,PC3,Neomycin_vs_Neomycin+D-Scour,Neomycin,Neomycin+D-Scour,groupB_t6,pairwise.t.test
0.749930556686058,t6,PC4,ColiGuard_vs_Control,ColiGuard,Control,groupB_t6,pairwise.t.test
0.24116098423968,t6,PC4,Control_vs_D-Scour,Control,D-Scour,groupB_t6,pairwise.t.test
0.00244730627232192,t6,PC4,Control_vs_Neomycin,Control,Neomycin,groupB_t6,pairwise.t.test
0.036331453700658,t6,PC4,Neomycin_vs_Neomycin+D-Scour,Neomycin,Neomycin+D-Scour,groupB_t6,pairwise.t.test
0.305760270278271,t6,PC5,ColiGuard_vs_Control,ColiGuard,Control,groupB_t6,pairwise.t.test
0.347274386497441,t6,PC5,Control_vs_D-Scour,Control,D-Scour,groupB_t6,pairwise.t.test
0.391827361903395,t6,PC5,Control_vs_Neomycin,Control,Neomycin,groupB_t6,pairwise.t.test
0.363481011385708,t6,PC5,Neomycin_vs_Neomycin+D-Scour,Neomycin,Neomycin+D-Scour,groupB_t6,pairwise.t.test
0.874675017128453,t8,PC1,ColiGuard_vs_Control,ColiGuard,Control,groupB_t8,pairwise.t.test
0.24648638620982,t8,PC1,Control_vs_D-Scour,Control,D-Scour,groupB_t8,pairwise.t.test
0.472172001226772,t8,PC1,Control_vs_Neomycin,Control,Neomycin,groupB_t8,pairwise.t.test
0.711117335457465,t8,PC1,Neomycin_vs_Neomycin+D-Scour,Neomycin,Neomycin+D-Scour,groupB_t8,pairwise.t.test
0.306488884234897,t8,PC2,ColiGuard_vs_Control,ColiGuard,Control,groupB_t8,pairwise.t.test
0.37171601077032,t8,PC2,Control_vs_D-Scour,Control,D-Scour,groupB_t8,pairwise.t.test
0.723407974959238,t8,PC2,Control_vs_Neomycin,Control,Neomycin,groupB_t8,pairwise.t.test
0.70325313508069,t8,PC2,Neomycin_vs_Neomycin+D-Scour,Neomycin,Neomycin+D-Scour,groupB_t8,pairwise.t.test
0.747369813239387,t8,PC3,ColiGuard_vs_Control,ColiGuard,Control,groupB_t8,pairwise.t.test
0.396627424629363,t8,PC3,Control_vs_D-Scour,Control,D-Scour,groupB_t8,pairwise.t.test
0.846646213171509,t8,PC3,Control_vs_Neomycin,Control,Neomycin,groupB_t8,pairwise.t.test
0.672991433712991,t8,PC3,Neomycin_vs_Neomycin+D-Scour,Neomycin,Neomycin+D-Scour,groupB_t8,pairwise.t.test
0.0908863489931983,t8,PC4,ColiGuard_vs_Control,ColiGuard,Control,groupB_t8,pairwise.t.test
0.129140487915365,t8,PC4,Control_vs_D-Scour,Control,D-Scour,groupB_t8,pairwise.t.test
0.0329580570375448,t8,PC4,Control_vs_Neomycin,Control,Neomycin,groupB_t8,pairwise.t.test
0.698340023148958,t8,PC4,Neomycin_vs_Neomycin+D-Scour,Neomycin,Neomycin+D-Scour,groupB_t8,pairwise.t.test
0.339191439170281,t8,PC5,ColiGuard_vs_Control,ColiGuard,Control,groupB_t8,pairwise.t.test
0.936174549374643,t8,PC5,Control_vs_D-Scour,Control,D-Scour,groupB_t8,pairwise.t.test
0.181375180906295,t8,PC5,Control_vs_Neomycin,Control,Neomycin,groupB_t8,pairwise.t.test
0.224353166063859,t8,PC5,Neomycin_vs_Neomycin+D-Scour,Neomycin,Neomycin+D-Scour,groupB_t8,pairwise.t.test
0.435642300098752,t9,PC1,ColiGuard_vs_Control,ColiGuard,Control,groupB_t9,pairwise.t.test
0.55012346773651,t9,PC1,Control_vs_D-Scour,Control,D-Scour,groupB_t9,pairwise.t.test
0.319609840861266,t9,PC1,Control_vs_Neomycin,Control,Neomycin,groupB_t9,pairwise.t.test
0.179812924022623,t9,PC1,Neomycin_vs_Neomycin+D-Scour,Neomycin,Neomycin+D-Scour,groupB_t9,pairwise.t.test
0.87220893015195,t9,PC2,ColiGuard_vs_Control,ColiGuard,Control,groupB_t9,pairwise.t.test
0.623224521732651,t9,PC2,Control_vs_D-Scour,Control,D-Scour,groupB_t9,pairwise.t.test
0.793578916105162,t9,PC2,Control_vs_Neomycin,Control,Neomycin,groupB_t9,pairwise.t.test
0.419116865527005,t9,PC2,Neomycin_vs_Neomycin+D-Scour,Neomycin,Neomycin+D-Scour,groupB_t9,pairwise.t.test
0.760610875485691,t9,PC3,ColiGuard_vs_Control,ColiGuard,Control,groupB_t9,pairwise.t.test
0.448963131651178,t9,PC3,Control_vs_D-Scour,Control,D-Scour,groupB_t9,pairwise.t.test
0.923704235160051,t9,PC3,Control_vs_Neomycin,Control,Neomycin,groupB_t9,pairwise.t.test
0.389781327587893,t9,PC3,Neomycin_vs_Neomycin+D-Scour,Neomycin,Neomycin+D-Scour,groupB_t9,pairwise.t.test
0.342014175275338,t9,PC4,ColiGuard_vs_Control,ColiGuard,Control,groupB_t9,pairwise.t.test
0.567283674416467,t9,PC4,Control_vs_D-Scour,Control,D-Scour,groupB_t9,pairwise.t.test
0.993291582162899,t9,PC4,Control_vs_Neomycin,Control,Neomycin,groupB_t9,pairwise.t.test
0.608717588867415,t9,PC4,Neomycin_vs_Neomycin+D-Scour,Neomycin,Neomycin+D-Scour,groupB_t9,pairwise.t.test
0.964940774966681,t9,PC5,ColiGuard_vs_Control,ColiGuard,Control,groupB_t9,pairwise.t.test
0.944688131593826,t9,PC5,Control_vs_D-Scour,Control,D-Scour,groupB_t9,pairwise.t.test
0.906476191672275,t9,PC5,Control_vs_Neomycin,Control,Neomycin,groupB_t9,pairwise.t.test
0.712711460741818,t9,PC5,Neomycin_vs_Neomycin+D-Scour,Neomycin,Neomycin+D-Scour,groupB_t9,pairwise.t.test
0.383301500624579,t0,PC1,Control_vs_Neomycin,Control,Neomycin,groupC_t0,pairwise.t.test
0.0157456563752026,t0,PC2,Control_vs_Neomycin,Control,Neomycin,groupC_t0,pairwise.t.test
0.853502316270063,t0,PC3,Control_vs_Neomycin,Control,Neomycin,groupC_t0,pairwise.t.test
2.60515081486329e-05,t0,PC4,Control_vs_Neomycin,Control,Neomycin,groupC_t0,pairwise.t.test
0.305303371821841,t0,PC5,Control_vs_Neomycin,Control,Neomycin,groupC_t0,pairwise.t.test
0.824684122942327,t2,PC1,Control_vs_Neomycin,Control,Neomycin,groupC_t2,pairwise.t.test
0.383719115939903,t2,PC2,Control_vs_Neomycin,Control,Neomycin,groupC_t2,pairwise.t.test
0.15473845939525,t2,PC3,Control_vs_Neomycin,Control,Neomycin,groupC_t2,pairwise.t.test
0.297041384147999,t2,PC4,Control_vs_Neomycin,Control,Neomycin,groupC_t2,pairwise.t.test
0.751316160302593,t2,PC5,Control_vs_Neomycin,Control,Neomycin,groupC_t2,pairwise.t.test
0.0921570218907543,t4,PC1,Control_vs_Neomycin,Control,Neomycin,groupC_t4,pairwise.t.test
0.506707666997859,t4,PC2,Control_vs_Neomycin,Control,Neomycin,groupC_t4,pairwise.t.test
0.260029946467083,t4,PC3,Control_vs_Neomycin,Control,Neomycin,groupC_t4,pairwise.t.test
0.0429977634169986,t4,PC4,Control_vs_Neomycin,Control,Neomycin,groupC_t4,pairwise.t.test
0.0358559437101936,t4,PC5,Control_vs_Neomycin,Control,Neomycin,groupC_t4,pairwise.t.test
0.405532025589167,t6,PC1,Control_vs_Neomycin,Control,Neomycin,groupC_t6,pairwise.t.test
0.393417663049052,t6,PC2,Control_vs_Neomycin,Control,Neomycin,groupC_t6,pairwise.t.test
0.323514514007331,t6,PC3,Control_vs_Neomycin,Control,Neomycin,groupC_t6,pairwise.t.test
0.0652289082410064,t6,PC4,Control_vs_Neomycin,Control,Neomycin,groupC_t6,pairwise.t.test
0.912834647571941,t6,PC5,Control_vs_Neomycin,Control,Neomycin,groupC_t6,pairwise.t.test
0.460552526329818,t8,PC1,Control_vs_Neomycin,Control,Neomycin,groupC_t8,pairwise.t.test
0.382611320818736,t8,PC2,Control_vs_Neomycin,Control,Neomycin,groupC_t8,pairwise.t.test
0.0143670869286633,t8,PC3,Control_vs_Neomycin,Control,Neomycin,groupC_t8,pairwise.t.test
0.68004695347209,t8,PC4,Control_vs_Neomycin,Control,Neomycin,groupC_t8,pairwise.t.test
0.468566232199965,t8,PC5,Control_vs_Neomycin,Control,Neomycin,groupC_t8,pairwise.t.test
0.889071270333419,t9,PC1,Control_vs_Neomycin,Control,Neomycin,groupC_t9,pairwise.t.test
0.281183585437551,t9,PC2,Control_vs_Neomycin,Control,Neomycin,groupC_t9,pairwise.t.test
0.460653608768167,t9,PC3,Control_vs_Neomycin,Control,Neomycin,groupC_t9,pairwise.t.test
0.365016423513162,t9,PC4,Control_vs_Neomycin,Control,Neomycin,groupC_t9,pairwise.t.test
0.172792189050261,t9,PC5,Control_vs_Neomycin,Control,Neomycin,groupC_t9,pairwise.t.test
0.677297185714885,t0,PC1,Neomycin_vs_Neomycin+D-Scour,Neomycin,Neomycin+D-Scour,groupD_t0,pairwise.t.test
0.279175827933271,t0,PC2,Neomycin_vs_Neomycin+D-Scour,Neomycin,Neomycin+D-Scour,groupD_t0,pairwise.t.test
0.798396911348524,t0,PC3,Neomycin_vs_Neomycin+D-Scour,Neomycin,Neomycin+D-Scour,groupD_t0,pairwise.t.test
0.0337198419617842,t0,PC4,Neomycin_vs_Neomycin+D-Scour,Neomycin,Neomycin+D-Scour,groupD_t0,pairwise.t.test
0.0517732862429933,t0,PC5,Neomycin_vs_Neomycin+D-Scour,Neomycin,Neomycin+D-Scour,groupD_t0,pairwise.t.test
0.565836690866193,t2,PC1,Neomycin_vs_Neomycin+D-Scour,Neomycin,Neomycin+D-Scour,groupD_t2,pairwise.t.test
0.80317962685439,t2,PC2,Neomycin_vs_Neomycin+D-Scour,Neomycin,Neomycin+D-Scour,groupD_t2,pairwise.t.test
0.306351393088853,t2,PC3,Neomycin_vs_Neomycin+D-Scour,Neomycin,Neomycin+D-Scour,groupD_t2,pairwise.t.test
0.999743349178085,t2,PC4,Neomycin_vs_Neomycin+D-Scour,Neomycin,Neomycin+D-Scour,groupD_t2,pairwise.t.test
0.451928009160815,t2,PC5,Neomycin_vs_Neomycin+D-Scour,Neomycin,Neomycin+D-Scour,groupD_t2,pairwise.t.test
0.643347594598045,t4,PC1,Neomycin_vs_Neomycin+D-Scour,Neomycin,Neomycin+D-Scour,groupD_t4,pairwise.t.test
0.665320262829091,t4,PC2,Neomycin_vs_Neomycin+D-Scour,Neomycin,Neomycin+D-Scour,groupD_t4,pairwise.t.test
0.854375137019894,t4,PC3,Neomycin_vs_Neomycin+D-Scour,Neomycin,Neomycin+D-Scour,groupD_t4,pairwise.t.test
0.124394003376307,t4,PC4,Neomycin_vs_Neomycin+D-Scour,Neomycin,Neomycin+D-Scour,groupD_t4,pairwise.t.test
0.78518901814022,t4,PC5,Neomycin_vs_Neomycin+D-Scour,Neomycin,Neomycin+D-Scour,groupD_t4,pairwise.t.test
0.899190105452922,t6,PC1,Neomycin_vs_Neomycin+D-Scour,Neomycin,Neomycin+D-Scour,groupD_t6,pairwise.t.test
0.00115294593864117,t6,PC2,Neomycin_vs_Neomycin+D-Scour,Neomycin,Neomycin+D-Scour,groupD_t6,pairwise.t.test
0.220529007574774,t6,PC3,Neomycin_vs_Neomycin+D-Scour,Neomycin,Neomycin+D-Scour,groupD_t6,pairwise.t.test
0.635213918488697,t6,PC4,Neomycin_vs_Neomycin+D-Scour,Neomycin,Neomycin+D-Scour,groupD_t6,pairwise.t.test
0.115897696203361,t6,PC5,Neomycin_vs_Neomycin+D-Scour,Neomycin,Neomycin+D-Scour,groupD_t6,pairwise.t.test
0.816644086477322,t8,PC1,Neomycin_vs_Neomycin+D-Scour,Neomycin,Neomycin+D-Scour,groupD_t8,pairwise.t.test
0.85471510210767,t8,PC2,Neomycin_vs_Neomycin+D-Scour,Neomycin,Neomycin+D-Scour,groupD_t8,pairwise.t.test
0.425164908014651,t8,PC3,Neomycin_vs_Neomycin+D-Scour,Neomycin,Neomycin+D-Scour,groupD_t8,pairwise.t.test
0.75658459588022,t8,PC4,Neomycin_vs_Neomycin+D-Scour,Neomycin,Neomycin+D-Scour,groupD_t8,pairwise.t.test
0.285543416088342,t8,PC5,Neomycin_vs_Neomycin+D-Scour,Neomycin,Neomycin+D-Scour,groupD_t8,pairwise.t.test
0.885362701241604,t9,PC1,Neomycin_vs_Neomycin+D-Scour,Neomycin,Neomycin+D-Scour,groupD_t9,pairwise.t.test
0.720141556460029,t9,PC2,Neomycin_vs_Neomycin+D-Scour,Neomycin,Neomycin+D-Scour,groupD_t9,pairwise.t.test
0.978687550704095,t9,PC3,Neomycin_vs_Neomycin+D-Scour,Neomycin,Neomycin+D-Scour,groupD_t9,pairwise.t.test
0.570143872879469,t9,PC4,Neomycin_vs_Neomycin+D-Scour,Neomycin,Neomycin+D-Scour,groupD_t9,pairwise.t.test
0.000989104227478121,t9,PC5,Neomycin_vs_Neomycin+D-Scour,Neomycin,Neomycin+D-Scour,groupD_t9,pairwise.t.test
0.152320317894359,t0,PC1,Neomycin_vs_Neomycin+ColiGuard,Neomycin,Neomycin+ColiGuard,groupE_t0,pairwise.t.test
0.840814508419577,t0,PC2,Neomycin_vs_Neomycin+ColiGuard,Neomycin,Neomycin+ColiGuard,groupE_t0,pairwise.t.test
0.307692589251782,t0,PC3,Neomycin_vs_Neomycin+ColiGuard,Neomycin,Neomycin+ColiGuard,groupE_t0,pairwise.t.test
0.117248516313148,t0,PC4,Neomycin_vs_Neomycin+ColiGuard,Neomycin,Neomycin+ColiGuard,groupE_t0,pairwise.t.test
0.0356715430607802,t0,PC5,Neomycin_vs_Neomycin+ColiGuard,Neomycin,Neomycin+ColiGuard,groupE_t0,pairwise.t.test
0.278689133920395,t2,PC1,Neomycin_vs_Neomycin+ColiGuard,Neomycin,Neomycin+ColiGuard,groupE_t2,pairwise.t.test
0.0954703559636762,t2,PC2,Neomycin_vs_Neomycin+ColiGuard,Neomycin,Neomycin+ColiGuard,groupE_t2,pairwise.t.test
0.837019279468705,t2,PC3,Neomycin_vs_Neomycin+ColiGuard,Neomycin,Neomycin+ColiGuard,groupE_t2,pairwise.t.test
0.529652412912007,t2,PC4,Neomycin_vs_Neomycin+ColiGuard,Neomycin,Neomycin+ColiGuard,groupE_t2,pairwise.t.test
0.295648488438287,t2,PC5,Neomycin_vs_Neomycin+ColiGuard,Neomycin,Neomycin+ColiGuard,groupE_t2,pairwise.t.test
0.218944566756246,t4,PC1,Neomycin_vs_Neomycin+ColiGuard,Neomycin,Neomycin+ColiGuard,groupE_t4,pairwise.t.test
0.339092247981169,t4,PC2,Neomycin_vs_Neomycin+ColiGuard,Neomycin,Neomycin+ColiGuard,groupE_t4,pairwise.t.test
0.836686263266919,t4,PC3,Neomycin_vs_Neomycin+ColiGuard,Neomycin,Neomycin+ColiGuard,groupE_t4,pairwise.t.test
0.131907620973692,t4,PC4,Neomycin_vs_Neomycin+ColiGuard,Neomycin,Neomycin+ColiGuard,groupE_t4,pairwise.t.test
0.814186958461758,t4,PC5,Neomycin_vs_Neomycin+ColiGuard,Neomycin,Neomycin+ColiGuard,groupE_t4,pairwise.t.test
0.317147559806594,t6,PC1,Neomycin_vs_Neomycin+ColiGuard,Neomycin,Neomycin+ColiGuard,groupE_t6,pairwise.t.test
0.766525528152786,t6,PC2,Neomycin_vs_Neomycin+ColiGuard,Neomycin,Neomycin+ColiGuard,groupE_t6,pairwise.t.test
0.930091818656016,t6,PC3,Neomycin_vs_Neomycin+ColiGuard,Neomycin,Neomycin+ColiGuard,groupE_t6,pairwise.t.test
0.0628482169501911,t6,PC4,Neomycin_vs_Neomycin+ColiGuard,Neomycin,Neomycin+ColiGuard,groupE_t6,pairwise.t.test
0.155725854500153,t6,PC5,Neomycin_vs_Neomycin+ColiGuard,Neomycin,Neomycin+ColiGuard,groupE_t6,pairwise.t.test
0.890700184328477,t8,PC1,Neomycin_vs_Neomycin+ColiGuard,Neomycin,Neomycin+ColiGuard,groupE_t8,pairwise.t.test
0.947572467487695,t8,PC2,Neomycin_vs_Neomycin+ColiGuard,Neomycin,Neomycin+ColiGuard,groupE_t8,pairwise.t.test
0.0525464095624155,t8,PC3,Neomycin_vs_Neomycin+ColiGuard,Neomycin,Neomycin+ColiGuard,groupE_t8,pairwise.t.test
0.063692516931337,t8,PC4,Neomycin_vs_Neomycin+ColiGuard,Neomycin,Neomycin+ColiGuard,groupE_t8,pairwise.t.test
0.370952876889209,t8,PC5,Neomycin_vs_Neomycin+ColiGuard,Neomycin,Neomycin+ColiGuard,groupE_t8,pairwise.t.test
0.487540154387899,t9,PC1,Neomycin_vs_Neomycin+ColiGuard,Neomycin,Neomycin+ColiGuard,groupE_t9,pairwise.t.test
0.446964172932598,t9,PC2,Neomycin_vs_Neomycin+ColiGuard,Neomycin,Neomycin+ColiGuard,groupE_t9,pairwise.t.test
0.283463802025982,t9,PC3,Neomycin_vs_Neomycin+ColiGuard,Neomycin,Neomycin+ColiGuard,groupE_t9,pairwise.t.test
0.183198167066376,t9,PC4,Neomycin_vs_Neomycin+ColiGuard,Neomycin,Neomycin+ColiGuard,groupE_t9,pairwise.t.test
0.896667132199532,t9,PC5,Neomycin_vs_Neomycin+ColiGuard,Neomycin,Neomycin+ColiGuard,groupE_t9,pairwise.t.test
0.18772085081476,t0,PC1,Control_vs_D-Scour,Control,D-Scour,groupF_t0,pairwise.t.test
0.161229855400472,t0,PC2,Control_vs_D-Scour,Control,D-Scour,groupF_t0,pairwise.t.test
0.303938129946573,t0,PC3,Control_vs_D-Scour,Control,D-Scour,groupF_t0,pairwise.t.test
0.43194815131584,t0,PC4,Control_vs_D-Scour,Control,D-Scour,groupF_t0,pairwise.t.test
0.831084765968247,t0,PC5,Control_vs_D-Scour,Control,D-Scour,groupF_t0,pairwise.t.test
0.855900743571429,t2,PC1,Control_vs_D-Scour,Control,D-Scour,groupF_t2,pairwise.t.test
0.758169601619264,t2,PC2,Control_vs_D-Scour,Control,D-Scour,groupF_t2,pairwise.t.test
0.0162467568237492,t2,PC3,Control_vs_D-Scour,Control,D-Scour,groupF_t2,pairwise.t.test
0.278717598172366,t2,PC4,Control_vs_D-Scour,Control,D-Scour,groupF_t2,pairwise.t.test
0.392472350106096,t2,PC5,Control_vs_D-Scour,Control,D-Scour,groupF_t2,pairwise.t.test
0.108210790734053,t4,PC1,Control_vs_D-Scour,Control,D-Scour,groupF_t4,pairwise.t.test
0.974484715001621,t4,PC2,Control_vs_D-Scour,Control,D-Scour,groupF_t4,pairwise.t.test
0.428127880544128,t4,PC3,Control_vs_D-Scour,Control,D-Scour,groupF_t4,pairwise.t.test
0.747286232040868,t4,PC4,Control_vs_D-Scour,Control,D-Scour,groupF_t4,pairwise.t.test
0.97707676392996,t4,PC5,Control_vs_D-Scour,Control,D-Scour,groupF_t4,pairwise.t.test
0.161937937465197,t6,PC1,Control_vs_D-Scour,Control,D-Scour,groupF_t6,pairwise.t.test
0.0138381911166965,t6,PC2,Control_vs_D-Scour,Control,D-Scour,groupF_t6,pairwise.t.test
0.79247591362173,t6,PC3,Control_vs_D-Scour,Control,D-Scour,groupF_t6,pairwise.t.test
0.167115778622181,t6,PC4,Control_vs_D-Scour,Control,D-Scour,groupF_t6,pairwise.t.test
0.908684299150599,t6,PC5,Control_vs_D-Scour,Control,D-Scour,groupF_t6,pairwise.t.test
0.164011652321829,t8,PC1,Control_vs_D-Scour,Control,D-Scour,groupF_t8,pairwise.t.test
0.0311627749067367,t8,PC2,Control_vs_D-Scour,Control,D-Scour,groupF_t8,pairwise.t.test
0.0399615899977332,t8,PC3,Control_vs_D-Scour,Control,D-Scour,groupF_t8,pairwise.t.test
0.296065991146916,t8,PC4,Control_vs_D-Scour,Control,D-Scour,groupF_t8,pairwise.t.test
0.221891163326717,t8,PC5,Control_vs_D-Scour,Control,D-Scour,groupF_t8,pairwise.t.test
0.466096672434657,t9,PC1,Control_vs_D-Scour,Control,D-Scour,groupF_t9,pairwise.t.test
0.822655522644769,t9,PC2,Control_vs_D-Scour,Control,D-Scour,groupF_t9,pairwise.t.test
0.0468333942979878,t9,PC3,Control_vs_D-Scour,Control,D-Scour,groupF_t9,pairwise.t.test
0.263908698372947,t9,PC4,Control_vs_D-Scour,Control,D-Scour,groupF_t9,pairwise.t.test
0.109986138662588,t9,PC5,Control_vs_D-Scour,Control,D-Scour,groupF_t9,pairwise.t.test
0.679397959726463,t0,PC1,ColiGuard_vs_Control,ColiGuard,Control,groupG_t0,pairwise.t.test
0.408574526208429,t0,PC2,ColiGuard_vs_Control,ColiGuard,Control,groupG_t0,pairwise.t.test
0.894118439880993,t0,PC3,ColiGuard_vs_Control,ColiGuard,Control,groupG_t0,pairwise.t.test
0.0565143768946702,t0,PC4,ColiGuard_vs_Control,ColiGuard,Control,groupG_t0,pairwise.t.test
0.916502111434863,t0,PC5,ColiGuard_vs_Control,ColiGuard,Control,groupG_t0,pairwise.t.test
0.727470689366273,t2,PC1,ColiGuard_vs_Control,ColiGuard,Control,groupG_t2,pairwise.t.test
0.785193580383093,t2,PC2,ColiGuard_vs_Control,ColiGuard,Control,groupG_t2,pairwise.t.test
0.501409317475557,t2,PC3,ColiGuard_vs_Control,ColiGuard,Control,groupG_t2,pairwise.t.test
0.471139885484459,t2,PC4,ColiGuard_vs_Control,ColiGuard,Control,groupG_t2,pairwise.t.test
0.00893201436588516,t2,PC5,ColiGuard_vs_Control,ColiGuard,Control,groupG_t2,pairwise.t.test
0.0192456831422144,t4,PC1,ColiGuard_vs_Control,ColiGuard,Control,groupG_t4,pairwise.t.test
0.539615573657851,t4,PC2,ColiGuard_vs_Control,ColiGuard,Control,groupG_t4,pairwise.t.test
0.186545231800635,t4,PC3,ColiGuard_vs_Control,ColiGuard,Control,groupG_t4,pairwise.t.test
0.994564581488033,t4,PC4,ColiGuard_vs_Control,ColiGuard,Control,groupG_t4,pairwise.t.test
0.680447103653991,t4,PC5,ColiGuard_vs_Control,ColiGuard,Control,groupG_t4,pairwise.t.test
0.232253001622864,t6,PC1,ColiGuard_vs_Control,ColiGuard,Control,groupG_t6,pairwise.t.test
0.451846781600025,t6,PC2,ColiGuard_vs_Control,ColiGuard,Control,groupG_t6,pairwise.t.test
0.941830153935959,t6,PC3,ColiGuard_vs_Control,ColiGuard,Control,groupG_t6,pairwise.t.test
0.63824012090209,t6,PC4,ColiGuard_vs_Control,ColiGuard,Control,groupG_t6,pairwise.t.test
0.897098567506549,t6,PC5,ColiGuard_vs_Control,ColiGuard,Control,groupG_t6,pairwise.t.test
0.507999832839893,t8,PC1,ColiGuard_vs_Control,ColiGuard,Control,groupG_t8,pairwise.t.test
0.505846139479262,t8,PC2,ColiGuard_vs_Control,ColiGuard,Control,groupG_t8,pairwise.t.test
0.00797666138153124,t8,PC3,ColiGuard_vs_Control,ColiGuard,Control,groupG_t8,pairwise.t.test
0.865074221365346,t8,PC4,ColiGuard_vs_Control,ColiGuard,Control,groupG_t8,pairwise.t.test
0.0143857762378228,t8,PC5,ColiGuard_vs_Control,ColiGuard,Control,groupG_t8,pairwise.t.test
0.600011886464255,t9,PC1,ColiGuard_vs_Control,ColiGuard,Control,groupG_t9,pairwise.t.test
0.32774190873519,t9,PC2,ColiGuard_vs_Control,ColiGuard,Control,groupG_t9,pairwise.t.test
0.555830446023484,t9,PC3,ColiGuard_vs_Control,ColiGuard,Control,groupG_t9,pairwise.t.test
0.184740175258307,t9,PC4,ColiGuard_vs_Control,ColiGuard,Control,groupG_t9,pairwise.t.test
0.522860280203638,t9,PC5,ColiGuard_vs_Control,ColiGuard,Control,groupG_t9,pairwise.t.test
